t,x,x_n,v_x,v_xn,a_x,a_xn,y,y_n,v_y,v_yn,a_y,a_yn
1000
0.01,0.6,6.16136,60,58.2734,0,3.04028,0.5,3.70503,49.902,46.3416,-9.8,-4.00425
0.02,1.2,-7.39473,60,62.0873,0,-2.00027,0.99902,12.4036,49.804,38.4454,-9.8,-8.67427
0.03,1.8,6.13165,60,66.9357,0,-5.16288,1.49706,3.038,49.706,47.915,-9.8,-8.29826
0.04,2.4,-3.16906,60,58.3932,0,0.237238,1.99412,8.21495,49.608,53.8322,-9.8,-17.4493
0.05,3,14.1207,60,61.9635,0,-0.0320871,2.4902,4.85422,49.51,45.7608,-9.8,-4.89662
0.06,3.6,4.37115,60,67.7825,0,-1.13989,2.9853,7.45852,49.412,42.77,-9.8,-14.3226
0.07,4.2,4.47097,60,55.6852,0,-5.31019,3.47942,6.29555,49.314,53.2484,-9.8,-11.3235
0.08,4.8,4.45225,60,56.4081,0,-8.52481,3.97256,5.42519,49.216,46.0109,-9.8,-3.11596
0.09,5.4,6.17794,60,70.4089,0,0.19294,4.46472,1.65227,49.118,48.5904,-9.8,-6.14677
0.1,6,7.59618,60,60.8186,0,-4.45562,4.9559,9.88304,49.02,55.6057,-9.8,-16.6666
0.11,6.6,9.12812,60,55.5049,0,-0.796758,5.4461,10.502,48.922,53.792,-9.8,-12.3099
0.12,7.2,5.98819,60,61.7588,0,-5.37002,5.93532,12.6342,48.824,51.4687,-9.8,-9.28644
0.13,7.8,9.78488,60,64.5258,0,-0.555428,6.42356,10.3197,48.726,46.752,-9.8,-3.68209
0.14,8.4,9.72249,60,62.9503,0,-0.461491,6.91082,-0.579129,48.628,58.3318,-9.8,-14.4804
0.15,9,12.9972,60,52.6824,0,5.05754,7.3971,3.99226,48.53,47.0797,-9.8,-17.2998
0.16,9.6,5.42959,60,57.0135,0,7.08746,7.8824,-2.60226,48.432,48.2908,-9.8,-1.72691
0.17,10.2,17.8904,60,55.1296,0,6.69407,8.36672,4.84679,48.334,44.516,-9.8,-14.7661
0.18,10.8,13.2697,60,52.5288,0,-3.51956,8.85006,11.2006,48.236,46.4831,-9.8,-8.42647
0.19,11.4,7.93089,60,62.5311,0,-3.31033,9.33242,9.49194,48.138,44.7767,-9.8,-12.4985
0.2,12,16.1696,60,63.2575,0,0.379038,9.8138,10.9454,48.04,51.4783,-9.8,-3.39633
0.21,12.6,12.7968,60,55.8937,0,-0.794812,10.2942,16.8802,47.942,50.1333,-9.8,-2.16123
0.22,13.2,14.996,60,53.886,0,-5.59766,10.7736,8.97386,47.844,37.5719,-9.8,-5.97378
0.23,13.8,24.9529,60,53.3411,0,1.48793,11.2521,8.07305,47.746,48.7099,-9.8,-1.75027
0.24,14.4,15.4192,60,64.9999,0,6.7691,11.7295,15.2508,47.648,47.9965,-9.8,-9.49091
0.25,15,25.4733,60,59.8279,0,-1.74451,12.206,13.9193,47.55,51.2834,-9.8,-16.0833
0.26,15.6,18.6803,60,53.5563,0,5.76905,12.6815,7.41532,47.452,43.842,-9.8,-15.4625
0.27,16.2,12.9779,60,61.0069,0,-5.96431,13.156,16.4179,47.354,47.4088,-9.8,-7.38184
0.28,16.8,8.04778,60,61.8346,0,1.69093,13.6296,10.6473,47.256,43.4828,-9.8,2.44436
0.29,17.4,20.7264,60,59.6325,0,-2.18506,14.1021,18.7444,47.158,38.7109,-9.8,-4.43499
0.3,18,21.1169,60,57.511,0,10.162,14.5737,13.5863,47.06,46.1673,-9.8,-19.4392
0.31,18.6,21.4854,60,55.6812,0,0.580556,15.0443,12.8563,46.962,43.26,-9.8,-1.36525
0.32,19.2,26.2698,60,65.5945,0,-2.60015,15.5139,10.1502,46.864,53.6729,-9.8,-1.86455
0.33,19.8,25.7676,60,55.561,0,3.24765,15.9826,11.9603,46.766,49.4212,-9.8,-8.63454
0.34,20.4,24.3753,60,53.6985,0,0.341539,16.4502,12.1089,46.668,44.8738,-9.8,-6.97284
0.35,21,22.3961,60,56.9527,0,-4.12865,16.9169,15.447,46.57,54.1444,-9.8,-0.593845
0.36,21.6,26.4752,60,53.8174,0,4.78329,17.3826,13.712,46.472,43.643,-9.8,-14.9521
0.37,22.2,27.1179,60,57.4686,0,-6.58733,17.8473,16.5057,46.374,51.5017,-9.8,-5.94609
0.38,22.8,19.1013,60,61.8138,0,-2.80693,18.3111,24.9382,46.276,48.2709,-9.8,-11.434
0.39,23.4,30.5096,60,61.1631,0,-1.40901,18.7738,21.5884,46.178,45.844,-9.8,3.91073
0.4,24,20.2099,60,57.4591,0,5.61703,19.2356,19.1185,46.08,45.4635,-9.8,-3.87963
0.41,24.6,24.4202,60,50.6618,0,-4.77873,19.6964,22.4505,45.982,48.1056,-9.8,-13.1685
0.42,25.2,37.7206,60,59.0798,0,3.80901,20.1562,22.6824,45.884,42.8395,-9.8,-12.4305
0.43,25.8,25.7795,60,54.7299,0,-4.70445,20.6151,18.8002,45.786,44.7896,-9.8,-7.34371
0.44,26.4,30.2249,60,61.1433,0,2.00693,21.0729,22.9684,45.688,45.4377,-9.8,-20.3242
0.45,27,21.5627,60,68.1725,0,3.28401,21.5298,14.2582,45.59,41.6507,-9.8,-8.32126
0.46,27.6,23.1154,60,53.0387,0,-1.3356,21.9857,18.7472,45.492,44.905,-9.8,-6.29026
0.47,28.2,31.0027,60,52.1344,0,3.63164,22.4406,28.4293,45.394,45.1689,-9.8,-15.9359
0.48,28.8,33.2095,60,61.4467,0,0.442889,22.8946,15.5903,45.296,53.2571,-9.8,-20.0072
0.49,29.4,35.1691,60,58.1533,0,-5.73037,23.3475,19.448,45.198,51.9558,-9.8,-5.71473
0.5,30,33.499,60,63.3891,0,-1.73091,23.7995,20.5668,45.1,48.4958,-9.8,-7.74687
0.51,30.6,27.5025,60,59.6503,0,-7.34383,24.2505,23.5874,45.002,40.9185,-9.8,-10.9942
0.52,31.2,24.7308,60,65.1274,0,1.27158,24.7005,23.1854,44.904,43.7845,-9.8,-2.36372
0.53,31.8,40.959,60,57.261,0,-4.81959,25.1496,26.2838,44.806,57.2846,-9.8,-5.05528
0.54,32.4,38.3272,60,51.3889,0,-1.67523,25.5976,28.9249,44.708,44.2537,-9.8,-16.2062
0.55,33,44.883,60,62.7883,0,8.46153,26.0447,32.8891,44.61,42.0575,-9.8,-6.63931
0.56,33.6,33.0868,60,52.2878,0,4.24173,26.4908,23.7756,44.512,42.8844,-9.8,-5.48873
0.57,34.2,31.5664,60,65.325,0,0.456177,26.9359,25.6068,44.414,40.7943,-9.8,-5.64708
0.58,34.8,36.8205,60,65.3912,0,-3.53768,27.3801,22.2353,44.316,38.1044,-9.8,-7.48712
0.59,35.4,31.7884,60,61.6158,0,4.57174,27.8232,31.3778,44.218,37.7741,-9.8,-11.9249
0.6,36,26.8839,60,56.7366,0,-6.74464,28.2654,25.4008,44.12,44.6927,-9.8,-15.8206
0.61,36.6,36.7724,60,58.4892,0,-7.44447,28.7066,21.3835,44.022,39.5942,-9.8,-4.39799
0.62,37.2,30.791,60,64.0039,0,0.506545,29.1468,33.2094,43.924,46.8576,-9.8,-4.91368
0.63,37.8,43.4392,60,54.6401,0,0.580036,29.5861,35.6383,43.826,50.187,-9.8,-2.13698
0.64,38.4,40.7183,60,47.5673,0,-4.32655,30.0243,36.8939,43.728,48.8664,-9.8,-6.77359
0.65,39,36.8868,60,60.8992,0,-5.93018,30.4616,32.7199,43.63,52.4162,-9.8,-6.8246
0.66,39.6,35.1946,60,54.6068,0,1.98802,30.8979,35.473,43.532,38.3168,-9.8,-12.3949
0.67,40.2,41.9513,60,63.9665,0,5.41039,31.3332,24.7418,43.434,44.0692,-9.8,-10.3176
0.68,40.8,34.6584,60,60.062,0,4.77691,31.7676,34.3183,43.336,39.3376,-9.8,-1.98858
0.69,41.4,46.7947,60,60.6931,0,0.52646,32.2009,33.1537,43.238,43.6725,-9.8,-6.13915
0.7,42,40.4141,60,74.9054,0,6.21681,32.6333,34.5034,43.14,45.4537,-9.8,-10.7314
0.71,42.6,47.5787,60,61.1859,0,3.42276,33.0647,39.5073,43.042,46.2023,-9.8,-6.41611
0.72,43.2,35.7801,60,63.2649,0,-0.558512,33.4951,27.1759,42.944,44.5175,-9.8,-7.85596
0.73,43.8,47.935,60,61.8226,0,-6.90646,33.9246,42.7615,42.846,48.5242,-9.8,-1.26781
0.74,44.4,45.0411,60,54.1531,0,0.387984,34.353,32.0599,42.748,52.2366,-9.8,-8.94278
0.75,45,51.3701,60,60.2882,0,-5.0473,34.7805,34.6477,42.65,42.7231,-9.8,-12.9893
0.76,45.6,51.5445,60,57.8189,0,10.4868,35.207,31.5597,42.552,37.1372,-9.8,-11.122
0.77,46.2,38.8257,60,57.2822,0,1.52368,35.6325,42.1005,42.454,53.1743,-9.8,-16.7052
0.78,46.8,46.7575,60,60.9303,0,8.51889,36.0571,41.9442,42.356,38.9274,-9.8,-13.2634
0.79,47.4,48.4218,60,63.3227,0,8.44495,36.4806,35.1622,42.258,41.2517,-9.8,-4.05762
0.8,48,49.6718,60,61.1186,0,-10.1302,36.9032,39.1396,42.16,34.6107,-9.8,-10.4034
0.81,48.6,51.7994,60,59.7594,0,-6.64546,37.3248,36.443,42.062,45.736,-9.8,-6.30665
0.82,49.2,51.2664,60,58.7625,0,-8.40485,37.7454,32.866,41.964,51.9926,-9.8,-0.816776
0.83,49.8,52.1508,60,54.0547,0,-1.74785,38.1651,27.0704,41.866,43.0599,-9.8,-6.56825
0.84,50.4,43.8748,60,62.403,0,-2.52858,38.5837,32.5645,41.768,50.4652,-9.8,-4.29797
0.85,51,59.3769,60,64.571,0,-3.37123,39.0014,39.4666,41.67,43.5813,-9.8,-17.5324
0.86,51.6,54.1974,60,66.9318,0,-6.34164,39.4181,38.4091,41.572,41.2706,-9.8,-2.55378
0.87,52.2,52.6823,60,61.6156,0,-4.00112,39.8338,37.4295,41.474,45.8059,-9.8,-11.3184
0.88,52.8,54.9153,60,61.3114,0,-0.938332,40.2486,31.4443,41.376,46.1998,-9.8,-8.1749
0.89,53.4,54.3816,60,61.9057,0,-4.23709,40.6623,37.7425,41.278,38.758,-9.8,-12.0488
0.9,54,56.1899,60,54.3786,0,-2.26564,41.0751,39.4217,41.18,38.4757,-9.8,0.729222
0.91,54.6,55.4828,60,56.6812,0,-12.4357,41.4869,41.0692,41.082,38.3988,-9.8,-18.5511
0.92,55.2,54.2907,60,61.4651,0,1.41564,41.8977,35.2802,40.984,38.5333,-9.8,-10.159
0.93,55.8,59.4052,60,62.9101,0,-2.69321,42.3076,42.4441,40.886,35.4242,-9.8,-6.84511
0.94,56.4,62.4528,60,54.7774,0,4.01137,42.7164,44.228,40.788,40.0659,-9.8,-11.8492
0.95,57,60.0505,60,63.4695,0,5.80009,43.1243,48.4343,40.69,43.7768,-9.8,-11.2286
0.96,57.6,62.7539,60,55.8752,0,2.55248,43.5312,40.9658,40.592,41.2005,-9.8,-12.7823
0.97,58.2,56.2322,60,57.2018,0,0.635897,43.9371,40.7836,40.494,39.427,-9.8,-18.1785
0.98,58.8,60.3636,60,54.0488,0,12.7011,44.3421,40.7915,40.396,44.4622,-9.8,2.8097
0.99,59.4,63.1053,60,55.562,0,-6.80886,44.746,48.6029,40.298,40.4361,-9.8,-11.5484
1,60,62.8048,60,59.0091,0,-7.23886,45.149,45.7056,40.2,36.0241,-9.8,-17.9327
1.01,60.6,67.4365,60,65.5152,0,-2.05372,45.551,37.1791,40.102,46.2912,-9.8,-14.8902
1.02,61.2,57.4263,60,63.4265,0,-5.62532,45.952,50.2212,40.004,45.3617,-9.8,-8.2681
1.03,61.8,55.6506,60,65.7856,0,0.460863,46.3521,52.3297,39.906,35.6152,-9.8,-13.9875
1.04,62.4,58.4297,60,60.1338,0,4.40281,46.7511,48.0095,39.808,40.4438,-9.8,-3.21629
1.05,63,56.0625,60,53.7731,0,-0.99329,47.1492,47.1236,39.71,34.5668,-9.8,-4.62829
1.06,63.6,70.2733,60,60.1544,0,-0.314498,47.5463,43.4688,39.612,32.6948,-9.8,-10.166
1.07,64.2,62.8528,60,59.1729,0,7.60618,47.9424,51.9457,39.514,40.133,-9.8,-10.3625
1.08,64.8,64.0438,60,68.0893,0,2.63268,48.3376,56.2565,39.416,40.2006,-9.8,-8.43975
1.09,65.4,64.6351,60,60.5451,0,-3.99025,48.7317,44.1108,39.318,44.0599,-9.8,-14.0817
1.1,66,67.0881,60,58.3177,0,-5.30248,49.1249,55.5652,39.22,31.7073,-9.8,-21.1335
1.11,66.6,72.34,60,53.4406,0,1.35035,49.5171,44.5449,39.122,35.5732,-9.8,-10.834
1.12,67.2,62.797,60,61.939,0,1.95571,49.9083,43.05,39.024,49.239,-9.8,-8.04709
1.13,67.8,67.039,60,61.7973,0,1.59538,50.2986,48.0506,38.926,36.1151,-9.8,-9.70907
1.14,68.4,66.0865,60,53.3735,0,-0.846781,50.6878,44.6104,38.828,29.851,-9.8,-12.9011
1.15,69,63.6815,60,59.4586,0,5.209,51.0761,54.4405,38.73,39.2804,-9.8,-16.3638
1.16,69.6,61.2213,60,67.1958,0,4.82141,51.4634,58.4421,38.632,43.5442,-9.8,-21.4388
1.17,70.2,76.429,60,61.5007,0,6.22438,51.8497,49.1426,38.534,37.3541,-9.8,-13.8208
1.18,70.8,76.8993,60,57.7683,0,0.12924,52.2351,52.462,38.436,39.8438,-9.8,-8.46398
1.19,71.4,78.3716,60,64.3957,0,1.50865,52.6194,64.2726,38.338,38.7519,-9.8,3.7844
1.2,72,79.2116,60,62.8094,0,-3.25818,53.0028,55.975,38.24,41.7571,-9.8,-7.39611
1.21,72.6,67.472,60,62.7055,0,-1.57872,53.3852,50.0555,38.142,37.3703,-9.8,-18.5642
1.22,73.2,68.6735,60,56.8003,0,0.768809,53.7666,55.9466,38.044,30.3888,-9.8,-9.60965
1.23,73.8,69.9992,60,57.8186,0,4.1872,54.1471,64.0661,37.946,40.3207,-9.8,-11.4989
1.24,74.4,81.7357,60,65.4538,0,2.19207,54.5265,56.5897,37.848,44.5674,-9.8,-1.06085
1.25,75,78.6191,60,63.7654,0,-1.02744,54.905,52.8891,37.75,32.2836,-9.8,-12.1876
1.26,75.6,70.7223,60,49.6131,0,1.39003,55.2825,51.52,37.652,35.7337,-9.8,-5.73372
1.27,76.2,77.3672,60,55.7062,0,3.76456,55.659,58.7333,37.554,31.2232,-9.8,-18.1308
1.28,76.8,73.306,60,52.4739,0,0.781513,56.0346,52.6482,37.456,41.9229,-9.8,-10.5542
1.29,77.4,81.2105,60,61.7477,0,-12.3909,56.4091,47.4781,37.358,33.6933,-9.8,-14.6656
1.3,78,70.3786,60,62.3027,0,-1.91323,56.7827,53.1847,37.26,45.5538,-9.8,-10.4598
1.31,78.6,78.2802,60,53.0429,0,-2.91124,57.1553,52.7155,37.162,34.1183,-9.8,-5.35333
1.32,79.2,84.5553,60,66.6733,0,2.17367,57.5269,67.633,37.064,36.398,-9.8,-3.39596
1.33,79.8,82.7776,60,61.6083,0,-1.96706,57.8976,51.5332,36.966,38.2601,-9.8,-11.1221
1.34,80.4,86.2896,60,54.0256,0,-10.5495,58.2672,60.512,36.868,33.6414,-9.8,0.791798
1.35,81,89.8932,60,58.3642,0,0.0755925,58.6359,57.7279,36.77,33.7096,-9.8,-13.8798
1.36,81.6,90.7635,60,57.3509,0,-6.0827,59.0036,62.5356,36.672,30.7587,-9.8,-12.9725
1.37,82.2,84.8368,60,46.4799,0,-0.729277,59.3703,57.2753,36.574,37.4707,-9.8,-18.8981
1.38,82.8,77.3219,60,57.5894,0,-0.978104,59.7361,65.4079,36.476,39.8261,-9.8,-4.56379
1.39,83.4,81.7998,60,54.9383,0,-0.843904,60.1008,55.5437,36.378,36.8196,-9.8,-7.74295
1.4,84,81.7218,60,62.0236,0,-8.04391,60.4646,55.9729,36.28,24.2727,-9.8,-1.03578
1.41,84.6,82.0398,60,59.5503,0,-3.07279,60.8274,58.105,36.182,42.6303,-9.8,-6.95581
1.42,85.2,81.2757,60,59.6455,0,-11.6313,61.1892,56.0697,36.084,37.8139,-9.8,-4.09988
1.43,85.8,87.2653,60,53.1101,0,5.21367,61.5501,64.5171,35.986,33.4606,-9.8,-21.5432
1.44,86.4,85.4244,60,62.9652,0,0.0171669,61.9099,60.9436,35.888,31.5088,-9.8,-12.7894
1.45,87,90.7046,60,53.0824,0,6.5585,62.2688,57.8488,35.79,39.1631,-9.8,-11.748
1.46,87.6,90.4888,60,69.5999,0,2.22049,62.6267,63.2286,35.692,45.4673,-9.8,-14.5617
1.47,88.2,87.1759,60,63.197,0,-2.33208,62.9836,61.6138,35.594,40.1738,-9.8,-12.9789
1.48,88.8,84.7569,60,62.9579,0,1.66373,63.3396,66.6109,35.496,30.0544,-9.8,-7.4571
1.49,89.4,91.3148,60,64.0331,0,-8.6396,63.6945,65.5342,35.398,33.8034,-9.8,-8.28022
1.5,90,88.7093,60,58.1965,0,-0.733095,64.0485,69.638,35.3,46.4154,-9.8,-19.2077
1.51,90.6,90,60,62.4149,0,-2.30972,64.4015,62.1879,35.202,28.7215,-9.8,-13.3842
1.52,91.2,94.7224,60,61.0792,0,-7.71124,64.7535,71.4556,35.104,36.7887,-9.8,-21.5413
1.53,91.8,91.892,60,69.727,0,4.65759,65.1046,72.6557,35.006,35.2516,-9.8,-4.97371
1.54,92.4,86.7239,60,63.8484,0,8.78125,65.4546,64.0586,34.908,37.4287,-9.8,-12.6277
1.55,93,86.8059,60,54.119,0,2.40834,65.8037,60.2503,34.81,29.4867,-9.8,-11.0112
1.56,93.6,87.1724,60,57.4373,0,1.66473,66.1518,63.9328,34.712,43.0441,-9.8,-8.76162
1.57,94.2,94.9687,60,51.8092,0,-7.56329,66.4989,67.6455,34.614,27.2851,-9.8,-12.0944
1.58,94.8,103.313,60,59.177,0,-4.4603,66.8451,66.4449,34.516,38.5248,-9.8,-16.4838
1.59,95.4,90.9048,60,56.5017,0,-11.0482,67.1902,58.251,34.418,26.0169,-9.8,-6.11747
1.6,96,101.329,60,60.2105,0,0.826025,67.5344,67.8036,34.32,40.621,-9.8,-12.1274
1.61,96.6,97.4851,60,49.8821,0,3.80829,67.8776,74.5707,34.222,39.7898,-9.8,-9.28462
1.62,97.2,98.1225,60,55.618,0,1.67392,68.2198,67.5655,34.124,34.5821,-9.8,-12.5354
1.63,97.8,105.219,60,60.4578,0,3.81916,68.5611,67.9063,34.026,35.8223,-9.8,-12.0832
1.64,98.4,102.223,60,55.0205,0,6.65122,68.9013,68.3395,33.928,34.4996,-9.8,-2.48392
1.65,99,101.41,60,51.1663,0,-3.05472,69.2406,65.5266,33.83,41.1377,-9.8,-6.07362
1.66,99.6,94.2941,60,63.2799,0,4.71529,69.5789,74.4071,33.732,26.9309,-9.8,-4.69448
1.67,100.2,102.029,60,62.311,0,-7.67792,69.9162,64.7892,33.634,38.8446,-9.8,-11.4154
1.68,100.8,103.224,60,68.8261,0,10.8903,70.2526,68.6929,33.536,41.6845,-9.8,-6.46734
1.69,101.4,93.1936,60,57.7002,0,-8.91279,70.5879,74.0926,33.438,29.2978,-9.8,-10.1139
1.7,102,103.932,60,64.3184,0,-3.07565,70.9223,67.2215,33.34,33.9712,-9.8,-13.064
1.71,102.6,98.8023,60,64.1971,0,-5.60935,71.2557,72.2694,33.242,39.7966,-9.8,-11.7275
1.72,103.2,114.052,60,54.3518,0,3.416,71.5881,69.9475,33.144,39.4609,-9.8,-13.6438
1.73,103.8,106.509,60,63.8477,0,6.00305,71.9196,69.9156,33.046,35.2551,-9.8,-13.8698
1.74,104.4,103.59,60,62.9585,0,-10.6664,72.25,72.7588,32.948,33.8628,-9.8,-14.8704
1.75,105,102.37,60,59.0097,0,-3.64936,72.5795,70.9242,32.85,30.4864,-9.8,-11.2607
1.76,105.6,115.996,60,59.2361,0,-9.99957,72.908,76.9626,32.752,39.0448,-9.8,-12.0877
1.77,106.2,115.018,60,61.9317,0,8.21767,73.2355,71.4199,32.654,22.365,-9.8,-5.01059
1.78,106.8,110.379,60,55.0893,0,4.26254,73.5621,66.5829,32.556,28.7027,-9.8,-3.1566
1.79,107.4,108.636,60,51.8543,0,2.89947,73.8876,68.0879,32.458,40.2906,-9.8,-8.70518
1.8,108,95.8297,60,57.8511,0,3.86845,74.2122,73.8449,32.36,36.1008,-9.8,-4.55579
1.81,108.6,111.672,60,48.0106,0,1.37366,74.5358,74.6291,32.262,29.8668,-9.8,-1.21956
1.82,109.2,117.013,60,51.0295,0,-3.73722,74.8584,84.9357,32.164,22.2926,-9.8,-3.80178
1.83,109.8,113.015,60,63.4213,0,-2.67731,75.1801,75.4087,32.066,22.8381,-9.8,-13.606
1.84,110.4,108.802,60,59.7124,0,0.437299,75.5007,78.6074,31.968,34.7825,-9.8,-11.6489
1.85,111,118.796,60,56.4133,0,4.80901,75.8204,82.4468,31.87,18.3589,-9.8,-7.47564
1.86,111.6,111.089,60,45.5112,0,-2.48822,76.1391,74.8884,31.772,40.0391,-9.8,-10.6604
1.87,112.2,114.032,60,61.5479,0,0.705739,76.4568,87.8613,31.674,42.9474,-9.8,-4.58082
1.88,112.8,102.533,60,62.4171,0,-2.334,76.7736,74.8914,31.576,33.2635,-9.8,-7.71337
1.89,113.4,123.854,60,54.7093,0,11.1268,77.0893,84.5697,31.478,31.546,-9.8,-8.75806
1.9,114,110.538,60,50.8291,0,2.33035,77.4041,77.4979,31.38,35.1632,-9.8,-2.37166
1.91,114.6,115.715,60,59.9408,0,17.0526,77.7179,78.6519,31.282,29.028,-9.8,-21.8363
1.92,115.2,120.068,60,70.2896,0,5.74515,78.0307,69.7578,31.184,30.7987,-9.8,-17.313
1.93,115.8,121.467,60,56.2481,0,-11.016,78.3426,76.8256,31.086,26.7246,-9.8,-11.8847
1.94,116.4,109.118,60,62.1226,0,-0.407695,78.6534,68.0174,30.988,40.2091,-9.8,-7.97116
1.95,117,120.317,60,66.8216,0,0.708172,78.9633,74.3525,30.89,35.1729,-9.8,-5.12901
1.96,117.6,116.853,60,52.6546,0,-4.72021,79.2722,83.8229,30.792,34.8948,-9.8,-18.2384
1.97,118.2,118.546,60,63.25,0,5.00844,79.5801,82.8281,30.694,27.3435,-9.8,-5.41521
1.98,118.8,115.811,60,50.3523,0,5.36906,79.8871,83.2105,30.596,33.0457,-9.8,-11.1307
1.99,119.4,118.577,60,60.1855,0,5.51777,80.193,82.5891,30.498,22.9134,-9.8,-16.3769
2,120,128.536,60,60.189,0,0.00938383,80.498,63.9861,30.4,33.7468,-9.8,-15.1311
2.01,120.6,112.092,60,59.5935,0,5.22193,80.802,82.703,30.302,23.3442,-9.8,-2.44841
2.02,121.2,116.282,60,54.6071,0,3.0225,81.105,79.7612,30.204,32.8807,-9.8,-8.23822
2.03,121.8,118.55,60,61.6452,0,6.97809,81.4071,84.3446,30.106,31.4432,-9.8,-4.05533
2.04,122.4,119.613,60,63.2161,0,2.34082,81.7081,79.0123,30.008,30.6867,-9.8,-11.9783
2.05,123,131.892,60,55.095,0,-0.284538,82.0082,85.396,29.91,29.1991,-9.8,-3.66942
2.06,123.6,125.713,60,67.4831,0,-5.28738,82.3073,82.0796,29.812,23.995,-9.8,-14.2875
2.07,124.2,121.29,60,60.0721,0,4.54793,82.6054,78.2741,29.714,19.6824,-9.8,-7.91045
2.08,124.8,124.473,60,62.3634,0,0.816989,82.9026,78.7023,29.616,24.5256,-9.8,-2.12158
2.09,125.4,133.101,60,52.8803,0,3.03273,83.1987,78.1906,29.518,27.4967,-9.8,-8.03155
2.1,126,129.662,60,54.5259,0,-1.21013,83.4939,81.3565,29.42,36.1128,-9.8,-3.53515
2.11,126.6,126.386,60,61.436,0,-1.20064,83.7881,85.1502,29.322,31.0332,-9.8,-10.426
2.12,127.2,126.38,60,65.0301,0,-2.0926,84.0813,87.3423,29.224,21.4983,-9.8,-12.4188
2.13,127.8,128.724,60,62.3948,0,10.9903,84.3736,83.6019,29.126,29.608,-9.8,-12.5464
2.14,128.4,130.853,60,61.1659,0,-2.31045,84.6648,87.0751,29.028,27.7589,-9.8,-18.9018
2.15,129,134.117,60,62.317,0,-2.49689,84.9551,86.9838,28.93,27.9166,-9.8,-14.2558
2.16,129.6,131.444,60,58.8817,0,-1.49455,85.2444,83.7766,28.832,31.3788,-9.8,-4.90097
2.17,130.2,126.891,60,58.4907,0,-1.00033,85.5327,87.8843,28.734,27.5351,-9.8,-8.00941
2.18,130.8,132.464,60,54.2053,0,2.06867,85.8201,85.6267,28.636,27.1507,-9.8,-9.96157
2.19,131.4,133.752,60,63.3559,0,11.5657,86.1064,86.7764,28.538,25.35,-9.8,-13.3595
2.2,132,131.227,60,64.3637,0,-2.4693,86.3918,86.5483,28.44,22.5176,-9.8,-13.0619
2.21,132.6,122.689,60,49.1807,0,-7.75573,86.6762,84.7425,28.342,30.1411,-9.8,-4.29611
2.22,133.2,141.878,60,67.4752,0,-7.55551,86.9596,91.239,28.244,27.679,-9.8,-15.2731
2.23,133.8,134.81,60,63.0823,0,-2.1831,87.2421,84.0159,28.146,25.2317,-9.8,-8.4682
2.24,134.4,130.009,60,56.4505,0,-1.80829,87.5235,97.4401,28.048,33.0999,-9.8,-5.1282
2.25,135,131.085,60,58.3736,0,2.07852,87.804,96.5653,27.95,27.5206,-9.8,-8.61622
2.26,135.6,137.023,60,61.0887,0,2.6932,88.0835,89.7222,27.852,32.5027,-9.8,-5.43887
2.27,136.2,142.616,60,64.2394,0,4.73152,88.362,91.605,27.754,30.0508,-9.8,-5.33417
2.28,136.8,133.557,60,58.2319,0,1.21917,88.6396,94.4058,27.656,21.0536,-9.8,-8.66843
2.29,137.4,136.25,60,55.387,0,-3.18221,88.9161,96.4577,27.558,25.5665,-9.8,-10.8086
2.3,138,138.583,60,53.5932,0,-4.40626,89.1917,88.2735,27.46,22.5959,-9.8,-7.92487
2.31,138.6,138.467,60,68.1254,0,4.43635,89.4663,82.2323,27.362,25.512,-9.8,-19.224
2.32,139.2,135.628,60,57.8814,0,-3.91454,89.7399,86.5447,27.264,29.2974,-9.8,-2.54817
2.33,139.8,135.352,60,60.882,0,-1.664,90.0126,81.0439,27.166,15.3644,-9.8,-5.86724
2.34,140.4,152.592,60,56.9007,0,0.986461,90.2842,89.1376,27.068,28.2036,-9.8,-6.53003
2.35,141,150.379,60,70.4706,0,5.32245,90.5549,94.427,26.97,23.1237,-9.8,-12.7907
2.36,141.6,140.536,60,66.5953,0,0.530723,90.8246,95.1416,26.872,23.2226,-9.8,-7.985
2.37,142.2,137.114,60,57.0006,0,-10.0893,91.0933,94.7767,26.774,16.4348,-9.8,-10.7195
2.38,142.8,139.946,60,67.982,0,-2.17134,91.3611,93.8367,26.676,26.1104,-9.8,-9.23955
2.39,143.4,148.715,60,64.009,0,-12.4558,91.6278,93.9549,26.578,17.8329,-9.8,-3.0117
2.4,144,146.426,60,62.9237,0,-4.60749,91.8936,83.4148,26.48,34.8696,-9.8,-8.8794
2.41,144.6,145.222,60,61.2924,0,-0.290044,92.1584,81.6667,26.382,26.8886,-9.8,-5.54931
2.42,145.2,141.725,60,60.5397,0,1.27823,92.4222,91.7327,26.284,25.4492,-9.8,-13.5124
2.43,145.8,153.587,60,60.5338,0,2.31958,92.6851,88.2377,26.186,21.331,-9.8,-10.3438
2.44,146.4,147.92,60,60.0452,0,4.31767,92.9469,96.4882,26.088,27.7173,-9.8,-6.11742
2.45,147,153.9,60,56.907,0,3.25644,93.2078,95.7828,25.99,23.1621,-9.8,-19.4522
2.46,147.6,145.243,60,56.9153,0,1.23123,93.4677,87.303,25.892,25.5536,-9.8,-7.64873
2.47,148.2,140.135,60,61.3798,0,-1.93663,93.7266,91.7671,25.794,23.2617,-9.8,-13.4886
2.48,148.8,149.46,60,58.3988,0,2.66716,93.9846,95.5128,25.696,31.4171,-9.8,-8.70881
2.49,149.4,157.256,60,67.3411,0,3.0628,94.2415,93.8688,25.598,17.2147,-9.8,-16.1636
2.5,150,157.707,60,58.9569,0,0.513184,94.4975,96.4552,25.5,28.9822,-9.8,-10.3847
2.51,150.6,151.323,60,56.5549,0,-3.55429,94.7525,104.761,25.402,29.9464,-9.8,-8.3638
2.52,151.2,152.652,60,58.4186,0,7.54756,95.0065,95.2141,25.304,20.137,-9.8,-6.74949
2.53,151.8,149.551,60,63.0655,0,2.81408,95.2596,89.7952,25.206,25.9319,-9.8,-13.11
2.54,152.4,152.375,60,61.1074,0,4.09447,95.5116,101.165,25.108,23.4795,-9.8,-4.17648
2.55,153,156.659,60,55.8988,0,1.42064,95.7627,95.8461,25.01,28.0166,-9.8,-13.8347
2.56,153.6,145.807,60,58.5151,0,1.48104,96.0128,92.0294,24.912,25.8569,-9.8,-10.3822
2.57,154.2,148.194,60,58.3306,0,-4.04014,96.2619,92.4155,24.814,25.2582,-9.8,-16.749
2.58,154.8,154.84,60,70.1722,0,-0.469775,96.5101,93.6182,24.716,22.0612,-9.8,-5.29449
2.59,155.4,157.407,60,66.9731,0,5.30379,96.7572,92.5955,24.618,16.9947,-9.8,-7.92485
2.6,156,155.007,60,61.2651,0,1.75549,97.0034,93.1502,24.52,26.759,-9.8,-20.7307
2.61,156.6,162.527,60,70.8701,0,6.80907,97.2486,101.395,24.422,26.575,-9.8,-12.5131
2.62,157.2,158.421,60,57.2416,0,1.67852,97.4928,97.7471,24.324,22.3028,-9.8,-1.04293
2.63,157.8,164.557,60,60.336,0,1.07123,97.7361,111.933,24.226,27.9562,-9.8,-6.96783
2.64,158.4,160.886,60,65.983,0,-2.94993,97.9783,100.022,24.128,30.0908,-9.8,-3.14258
2.65,159,156.574,60,61.5157,0,6.30552,98.2196,102.917,24.03,14.2816,-9.8,-13.2935
2.66,159.6,157.87,60,56.6871,0,0.233228,98.4599,99.6483,23.932,17.2679,-9.8,-8.14513
2.67,160.2,163.453,60,50.3279,0,-2.97262,98.6992,98.1931,23.834,29.2359,-9.8,3.77956
2.68,160.8,158.995,60,56.6018,0,-1.05496,98.9376,102.145,23.736,27.8353,-9.8,-9.80701
2.69,161.4,170.508,60,63.8047,0,-2.78568,99.1749,101.545,23.638,21.892,-9.8,-6.14886
2.7,162,158.464,60,69.9044,0,-4.18084,99.4113,105.225,23.54,23.6934,-9.8,-9.56165
2.71,162.6,162.402,60,50.8713,0,-1.53775,99.6467,96.5876,23.442,16.8243,-9.8,-14.497
2.72,163.2,163.774,60,66.8461,0,4.57706,99.8811,100.052,23.344,21.0741,-9.8,-11.741
2.73,163.8,175.19,60,61.1042,0,-5.2345,100.115,100.914,23.246,22.1689,-9.8,-10.7334
2.74,164.4,175.124,60,53.195,0,-4.20002,100.347,99.1561,23.148,24.8199,-9.8,-7.50471
2.75,165,155.234,60,59.9063,0,2.28154,100.579,102.607,23.05,24.9166,-9.8,-12.1869
2.76,165.6,163.749,60,46.0594,0,4.69138,100.809,99.5274,22.952,31.9927,-9.8,-2.39797
2.77,166.2,167.969,60,68.6319,0,-5.49432,101.039,101.926,22.854,23.8256,-9.8,-18.4632
2.78,166.8,168.37,60,57.4247,0,3.21437,101.267,105.763,22.756,21.2539,-9.8,-8.48352
2.79,167.4,177.243,60,59.7048,0,-12.1978,101.495,105.479,22.658,19.6701,-9.8,-14.3712
2.8,168,171.051,60,54.6757,0,-2.49576,101.721,98.2106,22.56,24.3498,-9.8,-14.6169
2.81,168.6,176.016,60,70.3552,0,-1.5834,101.947,100.281,22.462,18.5792,-9.8,-7.2861
2.82,169.2,172.601,60,58.2085,0,-7.89867,102.171,98.8883,22.364,22.5665,-9.8,-11.2726
2.83,169.8,170.536,60,50.966,0,5.30808,102.395,105.032,22.266,23.9141,-9.8,-2.71838
2.84,170.4,170.383,60,62.2541,0,-3.21389,102.618,107.769,22.168,17.1144,-9.8,-7.93572
2.85,171,173.712,60,68.745,0,-4.15462,102.839,106.235,22.07,26.8845,-9.8,-11.5138
2.86,171.6,170.139,60,68.2403,0,4.3348,103.06,109.045,21.972,19.0331,-9.8,-12.0257
2.87,172.2,178.067,60,63.9872,0,3.63827,103.28,116.957,21.874,14.0667,-9.8,-4.63274
2.88,172.8,173.601,60,64.6828,0,-0.733259,103.499,100.238,21.776,25.1522,-9.8,-7.79495
2.89,173.4,175.666,60,63.8738,0,-0.69337,103.716,109.454,21.678,21.6021,-9.8,-11.8583
2.9,174,176.923,60,69.0651,0,7.55657,103.933,101.731,21.58,17.8167,-9.8,-7.15213
2.91,174.6,176.284,60,59.33,0,1.3266,104.149,104.113,21.482,15.7919,-9.8,-14.2139
2.92,175.2,167.802,60,60.0868,0,-3.95262,104.364,107.963,21.384,31.1846,-9.8,-3.37214
2.93,175.8,180.94,60,51.2539,0,5.91262,104.578,101.39,21.286,23.5561,-9.8,-6.92144
2.94,176.4,176.894,60,63.3973,0,13.4565,104.79,107.178,21.188,12.8497,-9.8,-8.21786
2.95,177,173.021,60,56.5615,0,-2.54732,105.002,104.882,21.09,22.0998,-9.8,-15.1172
2.96,177.6,174.099,60,65.1659,0,2.77427,105.213,99.2517,20.992,28.0815,-9.8,-8.20757
2.97,178.2,184.91,60,71.606,0,1.82722,105.423,101.023,20.894,24.9309,-9.8,-10.4464
2.98,178.8,177.805,60,69.8032,0,1.83373,105.632,110.673,20.796,21.521,-9.8,-4.9597
2.99,179.4,176.798,60,66.9065,0,-5.49085,105.84,104.765,20.698,15.7205,-9.8,-5.61511
3,180,189.662,60,69.0491,0,-0.209378,106.047,98.9019,20.6,26.7457,-9.8,-13.257
3.01,180.6,179.644,60,60.4854,0,-2.27008,106.253,110.703,20.502,18.4257,-9.8,-6.22288
3.02,181.2,180.605,60,63.2355,0,-11.4998,106.458,104.382,20.404,19.8718,-9.8,-9.63111
3.03,181.8,183.349,60,70.7203,0,0.0314113,106.662,102.475,20.306,20.7924,-9.8,-5.18459
3.04,182.4,186.664,60,62.2239,0,-1.47732,106.865,103.385,20.208,19.0379,-9.8,-5.44104
3.05,183,184.631,60,63.9215,0,-4.30751,107.067,106.275,20.11,17.86,-9.8,-12.7584
3.06,183.6,177.848,60,60.9728,0,-8.4158,107.268,98.3462,20.012,10.7217,-9.8,-15.9239
3.07,184.2,188.272,60,64.0348,0,1.34695,107.468,108.419,19.914,10.892,-9.8,-17.3611
3.08,184.8,184.096,60,64.325,0,0.00030336,107.668,109.889,19.816,25.3716,-9.8,-12.4707
3.09,185.4,187.363,60,55.5529,0,-0.344772,107.866,104.598,19.718,20.4877,-9.8,-16.2759
3.1,186,180.372,60,64.8075,0,4.85781,108.063,103.524,19.62,29.1944,-9.8,-9.58917
3.11,186.6,197.982,60,53.5709,0,-8.44528,108.259,107.435,19.522,13.6214,-9.8,-6.1801
3.12,187.2,190.745,60,61.5197,0,6.52919,108.454,98.6499,19.424,26.941,-9.8,-16.1267
3.13,187.8,193.137,60,55.8046,0,0.38706,108.649,101.502,19.326,8.94378,-9.8,-6.20351
3.14,188.4,183.16,60,54.3035,0,2.17744,108.842,113.211,19.228,19.0524,-9.8,-6.79605
3.15,189,189.997,60,52.7956,0,-5.8257,109.034,112.701,19.13,18.2458,-9.8,-6.90412
3.16,189.6,179.937,60,53.57,0,-5.71895,109.225,118.597,19.032,16.0234,-9.8,-11.1352
3.17,190.2,183.795,60,65.0357,0,0.541623,109.416,110.537,18.934,16.2516,-9.8,-10.0197
3.18,190.8,182.817,60,61.6719,0,8.10853,109.605,114.938,18.836,19.9568,-9.8,-9.03235
3.19,191.4,196.973,60,57.9422,0,6.91598,109.793,105.938,18.738,19.1243,-9.8,-7.7014
3.2,192,194.982,60,58.4895,0,5.37138,109.981,102.799,18.64,20.3776,-9.8,-8.88633
3.21,192.6,195.708,60,53.8099,0,-6.15886,110.167,102.426,18.542,12.5707,-9.8,-11.2424
3.22,193.2,199.51,60,58.3002,0,2.36637,110.353,110.242,18.444,18.0342,-9.8,-5.92691
3.23,193.8,197.546,60,57.6996,0,-8.49466,110.537,114.23,18.346,19.8614,-9.8,-5.9497
3.24,194.4,197.049,60,69.2613,0,5.99122,110.721,110.036,18.248,20.5311,-9.8,-8.39225
3.25,195,203.027,60,60.933,0,-2.19498,110.903,111.833,18.15,12.9987,-9.8,-5.53078
3.26,195.6,199.278,60,61.2353,0,-0.0531927,111.085,108.661,18.052,7.13681,-9.8,-8.93363
3.27,196.2,195.805,60,62.9452,0,-1.80304,111.265,112.338,17.954,19.2606,-9.8,-1.48368
3.28,196.8,198.038,60,56.3119,0,-13.5872,111.445,107.804,17.856,20.8686,-9.8,-19.4833
3.29,197.4,192.134,60,56.3751,0,3.72095,111.623,109.463,17.758,21.7709,-9.8,-10.1045
3.3,198,201.815,60,57.4256,0,-3.829,111.801,111.065,17.66,11.6649,-9.8,-11.0528
3.31,198.6,200.113,60,49.3764,0,-0.988242,111.977,110.048,17.562,27.8502,-9.8,-9.27236
3.32,199.2,187.623,60,63.2898,0,6.17466,112.153,109.745,17.464,20.316,-9.8,-4.00247
3.33,199.8,192.051,60,56.2101,0,3.46274,112.328,109.985,17.366,13.937,-9.8,-6.67015
3.34,200.4,195.179,60,54.8816,0,-3.2025,112.501,107.792,17.268,21.2471,-9.8,-20.7033
3.35,201,202.408,60,58.9911,0,2.99319,112.674,110.982,17.17,22.6695,-9.8,-5.67769
3.36,201.6,209.771,60,54.7706,0,-0.124061,112.846,116.047,17.072,22.5063,-9.8,-12.9763
3.37,202.2,198.826,60,64.301,0,5.21725,113.016,113.882,16.974,19.7668,-9.8,-13.1771
3.38,202.8,203.579,60,64.984,0,6.18152,113.186,99.93,16.876,13.0536,-9.8,-12.3703
3.39,203.4,202.468,60,60.8364,0,7.77947,113.355,118.696,16.778,24.2562,-9.8,-10.8795
3.4,204,203.675,60,56.916,0,3.45074,113.523,113.389,16.68,10.3923,-9.8,-7.65102
3.41,204.6,199.355,60,44.5598,0,-6.19548,113.689,105.467,16.582,14.1642,-9.8,-9.89017
3.42,205.2,205.978,60,67.2598,0,10.4353,113.855,115.116,16.484,15.1158,-9.8,-10.7412
3.43,205.8,199.179,60,68.4617,0,9.3107,114.02,117.683,16.386,6.48946,-9.8,-3.36327
3.44,206.4,204.893,60,53.8277,0,-1.29596,114.184,113.82,16.288,9.84877,-9.8,-10.1974
3.45,207,205.96,60,55.2529,0,2.1694,114.347,114.869,16.19,24.9434,-9.8,-11.7545
3.46,207.6,212.873,60,51.4825,0,2.31645,114.509,113.119,16.092,15.5414,-9.8,-18.5065
3.47,208.2,210.078,60,54.7079,0,6.32174,114.67,115.057,15.994,12.2194,-9.8,-10.8846
3.48,208.8,207.65,60,55.309,0,7.72049,114.83,117.206,15.896,17.5316,-9.8,-15.5724
3.49,209.4,218.579,60,62.7701,0,7.00557,114.989,112.681,15.798,16.2755,-9.8,-3.19806
3.5,210,209.062,60,61.0091,0,-0.430017,115.147,113.453,15.7,6.28711,-9.8,-10.7651
3.51,210.6,209.408,60,56.4631,0,-3.24048,115.304,121.695,15.602,14.6246,-9.8,-11.0726
3.52,211.2,208.28,60,65.5644,0,-0.775185,115.46,113.057,15.504,11.2383,-9.8,-20.0256
3.53,211.8,210.607,60,61.4002,0,-3.40012,115.615,114.401,15.406,24.1379,-9.8,-11.0568
3.54,212.4,203.356,60,66.4954,0,-5.75487,115.769,121.955,15.308,12.5579,-9.8,-10.7113
3.55,213,210.538,60,54.9918,0,-3.99554,115.922,118.247,15.21,17.8829,-9.8,-10.6891
3.56,213.6,217.817,60,57.0926,0,-9.98509,116.074,116.532,15.112,12.1683,-9.8,-7.62778
3.57,214.2,214.655,60,59.1158,0,-5.1651,116.225,125.097,15.014,11.7001,-9.8,-5.35052
3.58,214.8,207.981,60,62.9258,0,-1.21343,116.375,106.959,14.916,9.87802,-9.8,-16.8217
3.59,215.4,200.58,60,64.3179,0,0.958742,116.524,117.379,14.818,15.069,-9.8,-13.6446
3.6,216,223.304,60,57.1329,0,-5.34518,116.672,116.359,14.72,14.4504,-9.8,-12.9291
3.61,216.6,214.673,60,63.4457,0,8.72268,116.82,119.956,14.622,15.5841,-9.8,-7.31539
3.62,217.2,215.75,60,58.3514,0,-2.24841,116.966,114.056,14.524,7.20738,-9.8,-0.354589
3.63,217.8,217.291,60,65.109,0,-4.88932,117.111,116.768,14.426,13.9893,-9.8,-8.81458
3.64,218.4,221.836,60,60.175,0,-5.46667,117.255,122.368,14.328,18.08,-9.8,-10.5369
3.65,219,213.289,60,57.9915,0,-10.558,117.399,106.48,14.23,11.6793,-9.8,-13.3406
3.66,219.6,218.344,60,59.1269,0,-2.59105,117.541,116.531,14.132,2.34987,-9.8,-10.2398
3.67,220.2,219.704,60,58.1137,0,-6.57549,117.682,123.003,14.034,20.2945,-9.8,-8.86964
3.68,220.8,221.17,60,54.7274,0,-7.92665,117.823,116.283,13.936,19.5561,-9.8,-21.5503
3.69,221.4,233.906,60,61.7555,0,12.5133,117.962,121.993,13.838,13.3109,-9.8,-8.15924
3.7,222,225.678,60,69.626,0,9.72869,118.1,124.066,13.74,10.1076,-9.8,-14.2219
3.71,222.6,223.453,60,55.4738,0,1.07922,118.238,116.649,13.642,15.1465,-9.8,-2.09397
3.72,223.2,217.264,60,50.0892,0,5.34864,118.374,114.685,13.544,13.388,-9.8,-6.22396
3.73,223.8,215.921,60,60.0344,0,-6.10763,118.51,115.786,13.446,15.3139,-9.8,-3.42113
3.74,224.4,220.77,60,54.1544,0,2.07391,118.644,119.965,13.348,12.7458,-9.8,-16.1406
3.75,225,220.688,60,64.6122,0,-5.84641,118.778,118.715,13.25,18.4674,-9.8,-5.86001
3.76,225.6,222.531,60,56.0505,0,1.42939,118.91,133.137,13.152,9.33314,-9.8,-8.28296
3.77,226.2,230.92,60,57.469,0,-1.51293,119.042,117.009,13.054,18.6612,-9.8,-5.00741
3.78,226.8,221.332,60,65.1275,0,8.26126,119.172,121.411,12.956,12.14,-9.8,-4.66275
3.79,227.4,231.069,60,50.9938,0,-5.54655,119.302,127.429,12.858,11.4631,-9.8,-6.05776
3.8,228,222.591,60,56.5368,0,4.45963,119.43,112.499,12.76,12.7585,-9.8,-1.34622
3.81,228.6,232.08,60,59.8968,0,3.72447,119.558,123.872,12.662,8.36275,-9.8,-10.1973
3.82,229.2,236.489,60,55.9514,0,-5.98527,119.684,118.813,12.564,15.6588,-9.8,-9.12069
3.83,229.8,230.131,60,60.4459,0,-2.89642,119.81,114.801,12.466,15.6302,-9.8,-0.23474
3.84,230.4,229.627,60,60.5238,0,-3.72916,119.935,119.879,12.368,12.3001,-9.8,-10.9765
3.85,231,234.217,60,63.3165,0,-6.42794,120.058,120.496,12.27,16.0088,-9.8,-12.6392
3.86,231.6,233.297,60,60.1316,0,1.82427,120.181,115.376,12.172,13.2757,-9.8,-9.62343
3.87,232.2,237.802,60,55.6313,0,12.0901,120.303,125.73,12.074,11.2996,-9.8,-8.71599
3.88,232.8,236.574,60,64.5379,0,1.46313,120.424,126.859,11.976,20.1062,-9.8,0.914
3.89,233.4,237.515,60,71.1388,0,0.558779,120.543,118.436,11.878,5.00899,-9.8,-12.1823
3.9,234,239.761,60,58.1122,0,3.03227,120.662,121.719,11.78,13.0421,-9.8,-6.33995
3.91,234.6,230.273,60,57.0496,0,2.11405,120.78,122.46,11.682,8.67648,-9.8,-24.1312
3.92,235.2,230.026,60,65.9707,0,-0.724599,120.897,118.83,11.584,11.3113,-9.8,-5.48889
3.93,235.8,232.968,60,47.4002,0,10.7848,121.013,123.992,11.486,8.9253,-9.8,-17.662
3.94,236.4,241.421,60,69.3253,0,8.56825,121.127,116.212,11.388,9.07184,-9.8,-9.35446
3.95,237,235.247,60,60.7291,0,-0.0162007,121.241,113.139,11.29,13.5977,-9.8,-9.55168
3.96,237.6,236.094,60,65.8838,0,-1.40371,121.354,124.881,11.192,5.00662,-9.8,-5.22433
3.97,238.2,245.233,60,68.0615,0,1.06758,121.466,119.371,11.094,16.2411,-9.8,2.36576
3.98,238.8,245.038,60,49.108,0,-2.11645,121.577,122.35,10.996,11.3672,-9.8,-14.1761
3.99,239.4,231.868,60,62.7236,0,3.99708,121.687,125.357,10.898,14.4425,-9.8,-7.16548
4,240,235.958,60,54.7672,0,5.19128,121.796,131.002,10.8,6.68627,-9.8,-4.44283
4.01,240.6,240.504,60,57.9162,0,0.798346,121.904,125.274,10.702,8.88938,-9.8,-9.45403
4.02,241.2,250.236,60,64.051,0,0.576462,122.011,120.76,10.604,6.8588,-9.8,-15.6565
4.03,241.8,236.387,60,61.3105,0,-6.31205,122.117,128.355,10.506,17.4521,-9.8,-3.81436
4.04,242.4,244.163,60,58.8827,0,-0.231887,122.222,121.742,10.408,6.02064,-9.8,-8.80465
4.05,243,249.627,60,61.747,0,6.66594,122.326,130.173,10.31,12.4938,-9.8,-16.6061
4.06,243.6,249.093,60,70.1083,0,3.47892,122.429,119.403,10.212,7.52408,-9.8,-7.11666
4.07,244.2,246.974,60,57.9923,0,9.03887,122.531,128.511,10.114,17.0709,-9.8,-9.04251
4.08,244.8,245.492,60,63.5444,0,7.82464,122.633,117.646,10.016,10.4779,-9.8,-19.1067
4.09,245.4,246.185,60,73.4183,0,5.57054,122.733,117.894,9.918,6.93301,-9.8,-8.07548
4.1,246,249.109,60,60.3359,0,-0.424774,122.832,131.009,9.82,7.07373,-9.8,-11.0104
4.11,246.6,251.286,60,62.2658,0,-8.18876,122.93,123.627,9.722,13.8596,-9.8,-11.912
4.12,247.2,256.416,60,64.6992,0,11.2747,123.027,120.303,9.624,9.29319,-9.8,-1.29572
4.13,247.8,243.106,60,56.9915,0,2.37135,123.124,119.347,9.526,4.24122,-9.8,-5.56806
4.14,248.4,249.541,60,64.499,0,1.17839,123.219,121.018,9.428,12.1514,-9.8,-4.13983
4.15,249,236.347,60,58.6404,0,-2.19555,123.313,134.03,9.33,7.87403,-9.8,-9.73427
4.16,249.6,247.824,60,66.0313,0,3.01264,123.406,115.744,9.232,6.33587,-9.8,-11.8451
4.17,250.2,253.186,60,62.3279,0,6.13813,123.499,118.711,9.134,9.22934,-9.8,-5.25547
4.18,250.8,253.905,60,53.6872,0,-3.57747,123.59,123.779,9.036,10.5976,-9.8,-8.66871
4.19,251.4,262.907,60,63.8236,0,0.136738,123.68,122.905,8.938,9.40451,-9.8,-11.1623
4.2,252,252.61,60,56.5881,0,1.17397,123.77,122.696,8.84,7.33089,-9.8,-15.7897
4.21,252.6,254.412,60,57.4893,0,0.0465746,123.858,114.937,8.742,8.75241,-9.8,-14.4632
4.22,253.2,251.331,60,59.7058,0,5.38835,123.946,124.787,8.644,15.3894,-9.8,-23.2227
4.23,253.8,264.624,60,67.836,0,0.261281,124.032,116.271,8.546,9.38711,-9.8,-13.844
4.24,254.4,245.553,60,57.7042,0,-7.08728,124.118,127.558,8.448,5.44218,-9.8,-0.242026
4.25,255,258.195,60,56.7746,0,4.45026,124.202,121.116,8.35,8.09107,-9.8,-3.7135
4.26,255.6,255.405,60,61.2336,0,3.36978,124.286,123.879,8.252,7.77276,-9.8,-12.286
4.27,256.2,258.6,60,49.1018,0,-1.75665,124.368,123.989,8.154,12.3067,-9.8,-9.29885
4.28,256.8,262.732,60,59.7405,0,-3.82852,124.45,123.114,8.056,13.7626,-9.8,-4.79352
4.29,257.4,253.819,60,61.9962,0,9.48298,124.53,130.591,7.958,-0.569677,-9.8,-16.5791
4.3,258,260.733,60,57.0177,0,4.6382,124.61,119.121,7.86,11.344,-9.8,-0.332778
4.31,258.6,258.533,60,63.3851,0,5.01215,124.688,115.969,7.762,4.4928,-9.8,-0.870792
4.32,259.2,261.37,60,56.1629,0,-1.83033,124.766,119.627,7.664,1.86337,-9.8,-9.69851
4.33,259.8,262.635,60,62.0837,0,-0.928523,124.843,124.257,7.566,7.062,-9.8,-9.24215
4.34,260.4,259.243,60,65.4319,0,-5.64539,124.918,124.213,7.468,9.14477,-9.8,-10.1551
4.35,261,249.034,60,66.3208,0,-3.70632,124.993,124.5,7.37,8.63808,-9.8,-13.6976
4.36,261.6,261.364,60,54.7256,0,-12.6326,125.067,115.93,7.272,9.7783,-9.8,-12.9636
4.37,262.2,263.81,60,54.9865,0,-3.89683,125.139,130.656,7.174,9.52685,-9.8,-15.0864
4.38,262.8,263.592,60,68.8135,0,-4.07242,125.211,133.65,7.076,8.75828,-9.8,-3.9919
4.39,263.4,265.033,60,68.3597,0,-9.19701,125.282,126.211,6.978,3.47494,-9.8,-7.70113
4.4,264,259.626,60,62.4405,0,-6.86038,125.352,130.37,6.88,12.3167,-9.8,-12.4545
4.41,264.6,269.379,60,55.0666,0,6.60669,125.42,125.028,6.782,-2.24788,-9.8,-19.6214
4.42,265.2,268.327,60,66.7751,0,-4.0779,125.488,122.336,6.684,8.26072,-9.8,-9.00977
4.43,265.8,257.356,60,67.9098,0,-9.99778,125.555,123.502,6.586,-2.92762,-9.8,-22.0211
4.44,266.4,259.739,60,60.6471,0,6.42589,125.621,119.664,6.488,1.30357,-9.8,-3.89557
4.45,267,264.812,60,55.9449,0,-3.62067,125.686,128.556,6.39,8.16742,-9.8,-3.22652
4.46,267.6,267.902,60,67.6316,0,-3.71736,125.75,125.27,6.292,6.25847,-9.8,-13.4453
4.47,268.2,268.905,60,60.9817,0,0.489937,125.813,127.308,6.194,2.49689,-9.8,-18.8873
4.48,268.8,263.382,60,70.4983,0,-4.50677,125.875,124.84,6.096,15.1022,-9.8,-15.2812
4.49,269.4,270.461,60,66.3944,0,-0.709336,125.936,125.164,5.998,11.3423,-9.8,-2.4125
4.5,270,272.643,60,61.2541,0,-4.8611,125.996,124.85,5.9,6.88645,-9.8,-8.24547
4.51,270.6,262.153,60,56.0163,0,-4.26114,126.055,118.302,5.802,5.51677,-9.8,-3.44114
4.52,271.2,274.522,60,58.6949,0,-0.422263,126.113,123.837,5.704,12.8218,-9.8,-9.32508
4.53,271.8,262.558,60,50.2324,0,-1.38029,126.17,123.824,5.606,6.5977,-9.8,-5.36856
4.54,272.4,269.584,60,49.6338,0,3.39628,126.226,129.227,5.508,11.1535,-9.8,-5.94224
4.55,273,274.796,60,59.6856,0,0.268336,126.281,126.73,5.41,8.02458,-9.8,-13.2858
4.56,273.6,276.295,60,60.2802,0,8.30646,126.335,122.198,5.312,2.4079,-9.8,-17.2129
4.57,274.2,282.982,60,61.4366,0,-5.8552,126.388,126.384,5.214,8.05402,-9.8,-1.9427
4.58,274.8,274.236,60,57.5034,0,1.89357,126.44,128.501,5.116,7.82441,-9.8,-8.05202
4.59,275.4,276.375,60,61.6846,0,4.75241,126.491,126.364,5.018,0.0850018,-9.8,-1.52867
4.6,276,274.158,60,56.8531,0,-6.8454,126.541,124.769,4.92,7.54328,-9.8,-3.54258
4.61,276.6,279.813,60,57.498,0,-6.00123,126.591,129.75,4.822,3.98238,-9.8,-13.1313
4.62,277.2,280.165,60,60.3419,0,-0.252883,126.639,130.22,4.724,-1.85963,-9.8,-8.65388
4.63,277.8,281.098,60,56.9388,0,-0.964825,126.686,124.224,4.626,0.0301794,-9.8,-5.63059
4.64,278.4,286.977,60,60.9784,0,3.18176,126.732,126.54,4.528,6.09304,-9.8,-12.4255
4.65,279,277.246,60,74.02,0,-4.68684,126.778,133.346,4.43,-2.63258,-9.8,-11.5628
4.66,279.6,285.725,60,62.0804,0,-0.0639938,126.822,134.767,4.332,-1.75018,-9.8,-9.1308
4.67,280.2,276.864,60,71.015,0,-1.78053,126.865,137.747,4.234,0.147618,-9.8,-12.6878
4.68,280.8,286.317,60,60.1798,0,-1.65042,126.908,122.92,4.136,3.67816,-9.8,-10.5465
4.69,281.4,282.656,60,56.4219,0,-1.39915,126.949,127.223,4.038,6.02889,-9.8,-1.97293
4.7,282,282.636,60,58.61,0,-0.689213,126.989,125.275,3.94,11.7222,-9.8,-8.80677
4.71,282.6,279.379,60,73.0563,0,-5.0019,127.029,120.497,3.842,4.20135,-9.8,-2.83394
4.72,283.2,282.626,60,55.1831,0,-5.80053,127.067,122.624,3.744,11.6177,-9.8,-2.65765
4.73,283.8,282.854,60,65.5178,0,1.206,127.105,124.385,3.646,4.47558,-9.8,-9.42388
4.74,284.4,294.56,60,60.9136,0,-3.89291,127.141,116.149,3.548,5.41836,-9.8,-2.56468
4.75,285,280.932,60,50.5885,0,-1.32136,127.177,130.052,3.45,7.54036,-9.8,-10.2764
4.76,285.6,288.232,60,58.4087,0,7.40579,127.211,124.393,3.352,0.774155,-9.8,-8.74735
4.77,286.2,274.093,60,62.9265,0,5.63772,127.245,130.522,3.254,8.76584,-9.8,-11.3559
4.78,286.8,281.829,60,55.2937,0,-2.86855,127.277,121.131,3.156,3.72673,-9.8,-11.4017
4.79,287.4,289.186,60,57.0489,0,-3.39244,127.309,118.732,3.058,5.9243,-9.8,-15.7302
4.8,288,295.654,60,61.7503,0,6.53988,127.339,133.59,2.96,8.99878,-9.8,-11.494
4.81,288.6,284.412,60,59.5421,0,-1.12708,127.369,132.621,2.862,-0.017804,-9.8,-11.5522
4.82,289.2,281.785,60,56.5245,0,12.5176,127.397,134.698,2.764,1.61852,-9.8,-6.60182
4.83,289.8,292.586,60,59.8471,0,-4.86991,127.425,125.876,2.666,-4.66023,-9.8,-12.0966
4.84,290.4,293.2,60,65.6044,0,-5.10986,127.452,132.963,2.568,10.3565,-9.8,-14.0923
4.85,291,286.148,60,55.642,0,-11.8287,127.477,130.157,2.47,3.32033,-9.8,-7.63466
4.86,291.6,293.524,60,61.608,0,-2.64838,127.502,123.591,2.372,-4.48497,-9.8,-11.1481
4.87,292.2,285.948,60,47.4462,0,-10.0744,127.526,118.565,2.274,0.959567,-9.8,-13.0698
4.88,292.8,286.355,60,63.6352,0,-1.73441,127.549,126.706,2.176,-5.77017,-9.8,-11.2035
4.89,293.4,292.018,60,64.908,0,-3.64325,127.57,125.355,2.078,10.8922,-9.8,-11.0393
4.9,294,296.332,60,57.1996,0,-2.50103,127.591,124.164,1.98,0.65701,-9.8,-8.81747
4.91,294.6,293.108,60,59.1386,0,1.35172,127.611,131.693,1.882,3.30413,-9.8,-11.8718
4.92,295.2,286.647,60,57.5604,0,-3.53018,127.63,126.43,1.784,-1.09615,-9.8,-16.5578
4.93,295.8,303.619,60,53.7492,0,5.35704,127.648,118.141,1.686,6.47418,-9.8,-11.7652
4.94,296.4,297.304,60,67.7934,0,-0.775985,127.664,135.087,1.588,0.875621,-9.8,-10.811
4.95,297,299.571,60,61.7747,0,-1.66037,127.68,122.201,1.49,-5.53123,-9.8,-10.1789
4.96,297.6,300.072,60,73.1886,0,2.46835,127.695,123.783,1.392,1.93301,-9.8,-3.17657
4.97,298.2,299.028,60,57.4696,0,1.0908,127.709,122.98,1.294,7.42751,-9.8,-9.44463
4.98,298.8,293.137,60,66.4689,0,4.32679,127.722,117.7,1.196,2.0525,-9.8,-2.19407
4.99,299.4,296.216,60,70.6243,0,10.6602,127.734,123.427,1.098,5.20128,-9.8,-9.8309
5,300,294.815,60,56.7718,0,8.5203,127.745,122.32,1,3.20096,-9.8,-12.2281
5.01,300.6,302.363,60,60.062,0,-0.661632,127.755,129.468,0.902,2.61596,-9.8,-7.83506
5.02,301.2,308.799,60,58.6526,0,3.60249,127.764,126.534,0.804,2.88062,-9.8,-1.99197
5.03,301.8,291.952,60,51.4428,0,-4.39174,127.772,131.312,0.706,2.38761,-9.8,-4.20545
5.04,302.4,295.801,60,60.5091,0,-7.86884,127.779,122.27,0.608,6.51564,-9.8,-6.84928
5.05,303,300.182,60,62.2449,0,-6.226,127.785,127.461,0.51,-9.99795,-9.8,-10.0571
5.06,303.6,301.26,60,52.4656,0,4.54754,127.79,126.948,0.412,-1.48758,-9.8,-11.7536
5.07,304.2,296.379,60,52.484,0,3.05879,127.794,141.347,0.314,-2.71959,-9.8,-20.4468
5.08,304.8,306.691,60,52.0908,0,-3.86213,127.798,130.968,0.216,-5.29284,-9.8,-9.299
5.09,305.4,297.542,60,61.6439,0,0.915146,127.8,126.476,0.118,1.26924,-9.8,-2.1654
5.1,306,312.082,60,58.8766,0,8.73949,127.801,135.087,0.02,-12.8647,-9.8,-9.71072
5.11,306.6,311.891,60,69.2912,0,0.79511,127.801,123.472,-0.078,-1.39581,-9.8,-2.13952
5.12,307.2,298.339,60,58.2408,0,-0.70557,127.8,118.116,-0.176,4.79082,-9.8,-2.25987
5.13,307.8,302.922,60,56.4698,0,-1.60737,127.799,133.168,-0.274,3.4245,-9.8,-13.5219
5.14,308.4,307.036,60,62.0823,0,3.71439,127.796,137.894,-0.372,-1.81512,-9.8,-14.7846
5.15,309,301.201,60,59.8631,0,-4.96506,127.792,123.27,-0.47,-3.41759,-9.8,-7.75805
5.16,309.6,312.153,60,67.2772,0,-4.39917,127.787,137.573,-0.568,0.511939,-9.8,0.996551
5.17,310.2,316.246,60,53.3049,0,8.78549,127.782,123.546,-0.666,-0.292592,-9.8,-7.19647
5.18,310.8,308.512,60,66.0192,0,-1.41056,127.775,119.693,-0.764,-1.76055,-9.8,-9.23898
5.19,311.4,306.497,60,56.4993,0,-3.50299,127.767,124.024,-0.862,1.18197,-9.8,-9.79213
5.2,312,312.066,60,54.8099,0,-1.21334,127.759,125.781,-0.96,2.72373,-9.8,-7.97596
5.21,312.6,319.935,60,56.7581,0,-5.65238,127.749,134.158,-1.058,-9.92302,-9.8,-2.08077
5.22,313.2,315.552,60,61.9149,0,-4.01468,127.739,135.436,-1.156,1.20863,-9.8,-6.14625
5.23,313.8,315.459,60,53.9596,0,-0.856312,127.727,124.283,-1.254,-2.7434,-9.8,-6.33749
5.24,314.4,307.937,60,61.6865,0,-4.5246,127.715,132.302,-1.352,-5.30087,-9.8,1.65647
5.25,315,310.936,60,68.6937,0,9.83055,127.701,120.874,-1.45,-2.76312,-9.8,-10.0006
5.26,315.6,322.261,60,57.84,0,-5.58298,127.687,127.932,-1.548,-2.66902,-9.8,-11.6515
5.27,316.2,313.803,60,64.3372,0,-7.62963,127.671,124.52,-1.646,4.71011,-9.8,-3.79106
5.28,316.8,316.771,60,60.5913,0,3.38794,127.655,137.298,-1.744,8.95071,-9.8,-2.58493
5.29,317.4,319.763,60,63.49,0,-3.15161,127.637,123.136,-1.842,-3.83766,-9.8,-0.662226
5.3,318,312.513,60,59.2419,0,0.131857,127.619,126.455,-1.94,-4.47157,-9.8,-4.05119
5.31,318.6,315.182,60,61.5021,0,7.19437,127.599,121.299,-2.038,-4.7453,-9.8,-10.9574
5.32,319.2,316.962,60,60.2563,0,-8.6131,127.579,131.643,-2.136,-3.1472,-9.8,-8.37012
5.33,319.8,327.697,60,57.6249,0,-2.15817,127.558,125.686,-2.234,-6.73901,-9.8,-14.039
5.34,320.4,319.336,60,50.2916,0,-5.21065,127.535,118.481,-2.332,-13.573,-9.8,-8.07092
5.35,321,328.508,60,59.0957,0,-6.6986,127.512,125.99,-2.43,1.4109,-9.8,-12.3939
5.36,321.6,323.628,60,62.9292,0,-0.351317,127.488,124.423,-2.528,-0.175451,-9.8,-9.35736
5.37,322.2,320.424,60,58.0668,0,-4.74638,127.462,136.207,-2.626,-3.31561,-9.8,-3.37947
5.38,322.8,322.083,60,60.1805,0,6.17889,127.436,125.006,-2.724,-8.16588,-9.8,-8.58891
5.39,323.4,328.054,60,57.8384,0,2.97006,127.409,134.31,-2.822,5.50854,-9.8,-20.8109
5.4,324,323.729,60,67.2936,0,13.4386,127.381,126.067,-2.92,-2.93626,-9.8,3.09842
5.41,324.6,333.187,60,54.4262,0,2.6277,127.351,130.982,-3.018,-2.00901,-9.8,-15.5863
5.42,325.2,325.174,60,57.7071,0,2.0737,127.321,127.375,-3.116,0.0649053,-9.8,-3.78486
5.43,325.8,326.98,60,60.8653,0,-3.82466,127.29,133.829,-3.214,-7.79105,-9.8,-11.4187
5.44,326.4,323.952,60,67.9275,0,1.04107,127.258,127.639,-3.312,4.74922,-9.8,-8.38841
5.45,327,323.617,60,57.5174,0,-1.70965,127.225,128.688,-3.41,-1.70536,-9.8,-5.67572
5.46,327.6,330.617,60,53.9247,0,1.50608,127.191,131.176,-3.508,3.79813,-9.8,-8.7279
5.47,328.2,330.351,60,55.7412,0,-3.07725,127.156,131.556,-3.606,-3.042,-9.8,-0.540959
5.48,328.8,332.249,60,70.4185,0,4.58114,127.12,132.862,-3.704,2.10566,-9.8,-1.436
5.49,329.4,323.604,60,51.6832,0,-6.6527,127.083,128.362,-3.802,1.18802,-9.8,-17.9348
5.5,330,326.237,60,53.1681,0,-0.636833,127.045,119.074,-3.9,-7.45623,-9.8,-7.58223
5.51,330.6,327.271,60,63.8149,0,0.460008,127.006,125.086,-3.998,-8.9441,-9.8,-15.9952
5.52,331.2,325.466,60,62.1086,0,-3.118,126.966,128.44,-4.096,-10.8989,-9.8,-3.9691
5.53,331.8,330.903,60,63.0743,0,3.42424,126.925,132.833,-4.194,-6.56572,-9.8,-5.94704
5.54,332.4,330.82,60,63.6619,0,-4.43962,126.883,129.616,-4.292,-9.58204,-9.8,-11.5884
5.55,333,340.092,60,64.4904,0,1.74242,126.84,131.973,-4.39,-6.20531,-9.8,-5.25182
5.56,333.6,334.06,60,61.4842,0,-0.720713,126.796,125.53,-4.488,1.27085,-9.8,-18.3378
5.57,334.2,337.134,60,59.1698,0,-1.98422,126.751,127.155,-4.586,-8.8274,-9.8,-12.0111
5.58,334.8,321.248,60,54.8807,0,-6.29545,126.705,129.251,-4.684,-10.1515,-9.8,-12.1619
5.59,335.4,341.739,60,55.9639,0,-1.43837,126.658,114.68,-4.782,-12.4783,-9.8,-14.596
5.6,336,326.393,60,64.9727,0,-0.257415,126.61,129.452,-4.88,-7.53888,-9.8,-5.03052
5.61,336.6,329.95,60,54.8248,0,-11.2153,126.562,120.033,-4.978,-3.00036,-9.8,-5.46025
5.62,337.2,336.954,60,55.0414,0,-7.90541,126.512,125.965,-5.076,-7.47148,-9.8,-8.37617
5.63,337.8,345.587,60,69.27,0,2.376,126.461,126.374,-5.174,-12.034,-9.8,-21.443
5.64,338.4,333.045,60,49.5964,0,5.84331,126.409,119.841,-5.272,-10.4593,-9.8,-7.96825
5.65,339,329.919,60,63.6397,0,-0.112193,126.357,125.522,-5.37,-6.60266,-9.8,-14.3739
5.66,339.6,329.478,60,59.907,0,-1.40786,126.303,118.396,-5.468,-5.595,-9.8,-4.97136
5.67,340.2,341.981,60,55.0585,0,-4.38973,126.248,124.82,-5.566,4.03586,-9.8,-18.5302
5.68,340.8,343.191,60,60.7766,0,-5.99196,126.193,116.69,-5.664,-1.04712,-9.8,-16.3111
5.69,341.4,337.642,60,64.9547,0,-4.79627,126.136,133.631,-5.762,-2.39135,-9.8,-8.06209
5.7,342,338.027,60,63.0102,0,3.26555,126.078,118.229,-5.86,1.46021,-9.8,-14.1961
5.71,342.6,340.277,60,55.229,0,2.07453,126.02,131.745,-5.958,-2.34248,-9.8,-3.71881
5.72,343.2,345.728,60,72.2952,0,-0.635443,125.96,128.955,-6.056,-10.6416,-9.8,-13.5936
5.73,343.8,349.563,60,61.8836,0,-2.39043,125.9,121.664,-6.154,-6.73903,-9.8,-5.17745
5.74,344.4,343.246,60,54.1502,0,-3.86074,125.838,130.422,-6.252,-7.85192,-9.8,-6.36755
5.75,345,351.325,60,51.2575,0,-5.51433,125.776,126.676,-6.35,-0.405942,-9.8,-16.3559
5.76,345.6,350.726,60,53.0939,0,4.46273,125.712,125.677,-6.448,-3.10481,-9.8,-19.6007
5.77,346.2,340.603,60,58.052,0,-2.02968,125.648,124.393,-6.546,-15.5184,-9.8,-7.75018
5.78,346.8,343.149,60,62.334,0,8.58754,125.582,122.463,-6.644,-6.68596,-9.8,-11.8632
5.79,347.4,346.191,60,57.2131,0,-11.2831,125.516,120.961,-6.742,-6.04724,-9.8,-12.0322
5.8,348,352.563,60,56.5624,0,-1.61874,125.448,129.724,-6.84,-8.76726,-9.8,-18.1449
5.81,348.6,338.13,60,64.598,0,3.55525,125.38,123.794,-6.938,-9.38493,-9.8,-5.31073
5.82,349.2,343.733,60,48.3279,0,-1.68318,125.31,126.339,-7.036,-8.65605,-9.8,0.524387
5.83,349.8,350.195,60,61.1033,0,-2.85832,125.24,134.503,-7.134,-9.51815,-9.8,-11.5323
5.84,350.4,352.894,60,59.923,0,-4.64059,125.169,124.164,-7.232,1.03462,-9.8,-10.2552
5.85,351,349.792,60,65.3121,0,-4.41946,125.096,128.971,-7.33,-1.82997,-9.8,-4.48676
5.86,351.6,349.272,60,61.9144,0,-0.684999,125.023,120.212,-7.428,-2.3432,-9.8,-6.15665
5.87,352.2,357.299,60,59.4868,0,1.04327,124.949,127.407,-7.526,-6.92975,-9.8,-15.052
5.88,352.8,358.034,60,67.8008,0,-9.01251,124.874,130.142,-7.624,-13.6955,-9.8,-10.4238
5.89,353.4,359.053,60,57.6607,0,-4.72052,124.797,125.189,-7.722,-3.55901,-9.8,-14.0584
5.9,354,351.131,60,54.9647,0,-6.58873,124.72,117.911,-7.82,-4.68835,-9.8,-2.10991
5.91,354.6,360.345,60,60.5524,0,2.99387,124.642,121.848,-7.918,-6.15403,-9.8,-13.6063
5.92,355.2,359.767,60,61.5486,0,-2.83478,124.563,125.897,-8.016,-6.74363,-9.8,-11.8931
5.93,355.8,340.716,60,56.5194,0,-3.23937,124.483,130.378,-8.114,-2.98719,-9.8,-3.93252
5.94,356.4,354.325,60,61.6203,0,2.00101,124.401,122.525,-8.212,-0.936573,-9.8,-11.5571
5.95,357,359.63,60,61.2455,0,1.90025,124.319,131.673,-8.31,-14.94,-9.8,-12.7725
5.96,357.6,351.341,60,66.4809,0,-0.82324,124.236,116.681,-8.408,-17.1062,-9.8,-7.37085
5.97,358.2,360.493,60,58.7966,0,-1.19996,124.152,134.77,-8.506,-9.32721,-9.8,-6.79543
5.98,358.8,355.26,60,62.2872,0,2.70909,124.067,128.168,-8.604,-9.71689,-9.8,-4.06027
5.99,359.4,363.058,60,52.6925,0,-1.93551,123.981,123.536,-8.702,-8.14245,-9.8,-8.57265
6,360,357.788,60,58.7832,0,5.81697,123.894,119.101,-8.8,-3.82034,-9.8,-3.23609
6.01,360.6,358.78,60,55.2528,0,-5.96142,123.806,126.973,-8.898,-6.85642,-9.8,-13.5545
6.02,361.2,366.265,60,56.7439,0,7.79992,123.717,122.887,-8.996,-1.2928,-9.8,-14.6783
6.03,361.8,366.718,60,64.3771,0,7.44551,123.627,122.164,-9.094,-7.16658,-9.8,-5.46596
6.04,362.4,369.72,60,56.0311,0,-5.76158,123.536,121.216,-9.192,-19.5655,-9.8,-14.2843
6.05,363,360.07,60,61.3908,0,5.36805,123.444,123.715,-9.29,-12.8471,-9.8,-20.8276
6.06,363.6,366.69,60,57.4442,0,6.03202,123.351,123.56,-9.388,-0.642114,-9.8,-2.83953
6.07,364.2,357.473,60,57.2359,0,-4.07554,123.257,127.458,-9.486,-17.8043,-9.8,-12.0665
6.08,364.8,360.405,60,58.2702,0,-9.36625,123.163,123.154,-9.584,-5.06538,-9.8,-13.0416
6.09,365.4,361.406,60,53.9567,0,2.30749,123.067,125.046,-9.682,-4.23872,-9.8,-2.44928
6.1,366,363.746,60,59.8861,0,-5.62758,122.97,125.436,-9.78,-13.185,-9.8,-10.4773
6.11,366.6,361.797,60,54.5913,0,5.54689,122.872,124.026,-9.878,-10.5588,-9.8,-0.920623
6.12,367.2,358.658,60,63.094,0,3.76222,122.773,115.49,-9.976,-21.63,-9.8,-6.14766
6.13,367.8,364.714,60,61.8954,0,3.92326,122.674,110.104,-10.074,0.121976,-9.8,-6.19573
6.14,368.4,364.945,60,56.1232,0,-3.3811,122.573,122.949,-10.172,-10.2422,-9.8,-5.41574
6.15,369,367.243,60,58.6451,0,-6.39484,122.471,119.713,-10.27,-2.57369,-9.8,-9.48282
6.16,369.6,372.217,60,59.3824,0,5.79002,122.368,119.221,-10.368,-12.3574,-9.8,-8.80035
6.17,370.2,374.862,60,61.2306,0,-5.42494,122.265,122.697,-10.466,-16.605,-9.8,-16.8178
6.18,370.8,372.176,60,60.3107,0,0.314132,122.16,119.609,-10.564,-10.1552,-9.8,-10.0005
6.19,371.4,368.99,60,63.4462,0,-10.271,122.054,120.674,-10.662,-11.7704,-9.8,-11.365
6.2,372,371.997,60,67.7756,0,3.52344,121.948,108.674,-10.76,-2.39684,-9.8,-5.51393
6.21,372.6,367.106,60,61.0259,0,-4.14171,121.84,118.708,-10.858,-14.4689,-9.8,-11.158
6.22,373.2,364.144,60,58.2127,0,4.55374,121.732,116.209,-10.956,-14.5676,-9.8,-14.898
6.23,373.8,369.573,60,54.808,0,1.03298,121.622,136.238,-11.054,-11.4337,-9.8,-9.94949
6.24,374.4,372.251,60,45.5538,0,5.51473,121.512,121.231,-11.152,-13.3884,-9.8,-13.3772
6.25,375,369.326,60,61.1139,0,1.71314,121.4,126.998,-11.25,-6.53844,-9.8,-7.42159
6.26,375.6,379.86,60,58.7633,0,-7.98651,121.288,113.601,-11.348,-7.89898,-9.8,-9.87572
6.27,376.2,378.489,60,57.5787,0,2.3883,121.174,127.352,-11.446,-21.2177,-9.8,-10.6002
6.28,376.8,375.608,60,62.2657,0,-0.437269,121.06,110.673,-11.544,-7.7724,-9.8,-5.04422
6.29,377.4,377.024,60,65.6079,0,-1.15546,120.944,117.908,-11.642,-8.85996,-9.8,-14.2125
6.3,378,381.367,60,63.9095,0,-6.85783,120.828,126.331,-11.74,-15.9231,-9.8,-7.03153
6.31,378.6,374.234,60,56.6912,0,-0.57395,120.71,116.038,-11.838,-12.7979,-9.8,-11.9962
6.32,379.2,383.182,60,61.1887,0,1.08862,120.592,113.979,-11.936,-11.7063,-9.8,-12.8031
6.33,379.8,380.318,60,51.7081,0,-2.62415,120.473,125.529,-12.034,-6.36607,-9.8,-1.66498
6.34,380.4,379.485,60,67.4442,0,-11.5119,120.352,121.068,-12.132,-7.71886,-9.8,-9.00056
6.35,381,383.35,60,52.7008,0,0.26973,120.231,126.07,-12.23,-9.35847,-9.8,-8.30839
6.36,381.6,376.641,60,65.3649,0,8.40587,120.109,116.494,-12.328,-9.95056,-9.8,-8.07224
6.37,382.2,379.012,60,56.4962,0,1.54324,119.985,125.755,-12.426,-9.53564,-9.8,-16.3517
6.38,382.8,396.078,60,64.8218,0,5.63975,119.861,117.001,-12.524,-10.0474,-9.8,-21.5407
6.39,383.4,389.366,60,69.0938,0,-1.68262,119.736,122.698,-12.622,-9.91168,-9.8,-3.84089
6.4,384,386.706,60,63.6531,0,4.95704,119.61,121.629,-12.72,-12.1458,-9.8,-15.6727
6.41,384.6,381.253,60,53.7574,0,1.72633,119.482,112.049,-12.818,-19.9277,-9.8,0.0127821
6.42,385.2,389.675,60,52.9193,0,3.83603,119.354,112.999,-12.916,-12.4896,-9.8,-17.2229
6.43,385.8,391.114,60,56.4528,0,2.74967,119.225,110.28,-13.014,-10.7908,-9.8,-13.7535
6.44,386.4,384.022,60,60.3248,0,3.5496,119.095,122.622,-13.112,-20.0785,-9.8,-1.91183
6.45,387,386.266,60,63.7141,0,3.59991,118.964,122.569,-13.21,-17.9486,-9.8,-12.078
6.46,387.6,382.345,60,59.0528,0,3.89648,118.832,122.854,-13.308,-5.52977,-9.8,-13.1653
6.47,388.2,390.713,60,66.331,0,1.10568,118.699,112.29,-13.406,-15.3535,-9.8,-10.9717
6.48,388.8,382.58,60,56.593,0,0.143148,118.565,117.751,-13.504,-2.86697,-9.8,-6.23895
6.49,389.4,393.68,60,59.0116,0,-0.843214,118.43,116.39,-13.602,-7.92754,-9.8,-14.0303
6.5,390,388.405,60,62.1316,0,11.1882,118.294,116.309,-13.7,-19.8019,-9.8,-2.21961
6.51,390.6,388.503,60,51.5676,0,-6.39628,118.157,118.866,-13.798,2.79633,-9.8,-13.4828
6.52,391.2,392.922,60,67.6966,0,0.455251,118.019,117.555,-13.896,-18.7437,-9.8,-10.983
6.53,391.8,391.903,60,57.8584,0,1.85222,117.88,119.886,-13.994,-18.1002,-9.8,-9.23172
6.54,392.4,388.141,60,57.5435,0,-0.702783,117.74,121.916,-14.092,-14.8282,-9.8,-11.246
6.55,393,387.349,60,67.9495,0,1.53996,117.599,114.792,-14.19,-11.9709,-9.8,-14.7651
6.56,393.6,391.434,60,65.6626,0,1.43984,117.457,120.408,-14.288,-18.4914,-9.8,-15.4278
6.57,394.2,396.606,60,55.1417,0,-10.2389,117.314,110.99,-14.386,-20.1854,-9.8,-9.45205
6.58,394.8,399.428,60,62.2322,0,2.79073,117.17,127.273,-14.484,-13.7704,-9.8,1.8666
6.59,395.4,389.816,60,63.3248,0,2.86263,117.025,118.015,-14.582,-12.6888,-9.8,-16.677
6.6,396,401.304,60,59.0208,0,-3.93359,116.879,117.057,-14.68,-3.79128,-9.8,-15.8547
6.61,396.6,391.802,60,53.5758,0,-6.18712,116.733,123.421,-14.778,-14.6151,-9.8,-11.5553
6.62,397.2,396.975,60,62.3885,0,-1.6006,116.585,107.183,-14.876,-12.4898,-9.8,-15.3284
6.63,397.8,404.329,60,61.4433,0,5.74748,116.436,114.553,-14.974,-7.51816,-9.8,-8.6083
6.64,398.4,391.842,60,66.8698,0,1.91845,116.286,116.013,-15.072,-21.1292,-9.8,-8.54258
6.65,399,404.217,60,60.1207,0,2.67486,116.136,114.142,-15.17,-21.0192,-9.8,-11.5049
6.66,399.6,394.738,60,66.593,0,8.25879,115.984,114.742,-15.268,-21.0416,-9.8,-8.83758
6.67,400.2,401.434,60,50.2745,0,-15.7314,115.831,116.149,-15.366,-8.42732,-9.8,-6.24914
6.68,400.8,397.586,60,60.9207,0,3.95448,115.678,113.474,-15.464,-17.0041,-9.8,-13.4199
6.69,401.4,395.566,60,65.1806,0,3.90842,115.523,112.53,-15.562,-15.6645,-9.8,-3.09166
6.7,402,406.111,60,57.9643,0,6.50739,115.367,117.834,-15.66,-17.806,-9.8,-7.76526
6.71,402.6,412.858,60,55.2503,0,-0.702062,115.211,111.146,-15.758,-13.6482,-9.8,-7.34894
6.72,403.2,405.713,60,60.8521,0,-3.4611,115.053,112.858,-15.856,-8.04463,-9.8,-11.6458
6.73,403.8,406.687,60,60.4262,0,9.0983,114.895,112.604,-15.954,-26.0467,-9.8,-4.13415
6.74,404.4,407.003,60,56.8515,0,-6.34151,114.735,115.76,-16.052,-19.9272,-9.8,-11.3887
6.75,405,404.597,60,58.5605,0,-0.0729093,114.575,115.449,-16.15,-16.5305,-9.8,-4.78074
6.76,405.6,401.799,60,59.2147,0,-1.19304,114.413,120.038,-16.248,-9.32579,-9.8,-16.9714
6.77,406.2,406.23,60,67.8117,0,3.79193,114.251,107.676,-16.346,-23.0513,-9.8,-7.60136
6.78,406.8,406.29,60,66.7881,0,-6.05121,114.087,121.847,-16.444,-27.9248,-9.8,-10.2261
6.79,407.4,413.782,60,46.6618,0,-2.81929,113.923,119.225,-16.542,-23.9305,-9.8,-18.3071
6.8,408,409.66,60,65.8201,0,-3.62168,113.757,109.827,-16.64,-20.5287,-9.8,-6.60458
6.81,408.6,407.359,60,66.2567,0,-5.1873,113.591,113.309,-16.738,-19.0116,-9.8,-9.3334
6.82,409.2,400.812,60,56.7232,0,-6.04323,113.423,117.204,-16.836,-15.727,-9.8,-10.5081
6.83,409.8,399.548,60,54.0401,0,1.84098,113.255,109.502,-16.934,-17.1872,-9.8,-11.6185
6.84,410.4,397.827,60,63.8484,0,6.35814,113.086,118.931,-17.032,-15.2372,-9.8,-7.10604
6.85,411,408.144,60,67.514,0,8.05046,112.915,109.543,-17.13,-13.1506,-9.8,-16.7798
6.86,411.6,412.731,60,62.8895,0,1.32947,112.744,115.596,-17.228,-10.1648,-9.8,-0.752577
6.87,412.2,407.513,60,59.7344,0,-4.4632,112.572,106.846,-17.326,-17.2283,-9.8,-8.9461
6.88,412.8,415.081,60,58.9659,0,4.22814,112.399,110.497,-17.424,-20.3854,-9.8,-9.25192
6.89,413.4,410.263,60,58.9979,0,-4.41729,112.224,116.483,-17.522,-18.0356,-9.8,-8.73164
6.9,414,415.789,60,64.4402,0,1.19799,112.049,119.124,-17.62,-12.0376,-9.8,-8.28228
6.91,414.6,415.362,60,62.6997,0,-3.89579,111.873,111.669,-17.718,-16.1925,-9.8,-10.154
6.92,415.2,423.534,60,61.0788,0,-5.25751,111.696,119.431,-17.816,-14.4531,-9.8,-12.283
6.93,415.8,419.184,60,62.5495,0,4.73586,111.518,112.333,-17.914,-14.408,-9.8,-14.7089
6.94,416.4,419.31,60,58.9876,0,-4.32492,111.338,111.123,-18.012,-20.2349,-9.8,-6.69867
6.95,417,417.075,60,61.0878,0,-1.02472,111.158,114.81,-18.11,-14.7604,-9.8,-15.4573
6.96,417.6,412.827,60,62.4744,0,1.16414,110.977,105.14,-18.208,-15.4908,-9.8,-9.80307
6.97,418.2,413.81,60,62.035,0,0.885726,110.795,109.04,-18.306,-17.4042,-9.8,-15.9072
6.98,418.8,425.864,60,63.7172,0,3.25928,110.612,111.441,-18.404,-15.6552,-9.8,-13.0784
6.99,419.4,417.581,60,50.6581,0,-1.57936,110.428,112.096,-18.502,-20.7696,-9.8,-7.06744
7,420,416.845,60,59.1734,0,0.232157,110.243,103.698,-18.6,-19.4163,-9.8,-6.64647
7.01,420.6,419.316,60,52.2888,0,2.24962,110.057,107.647,-18.698,-21.4489,-9.8,-5.29364
7.02,421.2,420.957,60,64.2108,0,-3.93203,109.87,104.3,-18.796,-19.996,-9.8,-8.96198
7.03,421.8,423.502,60,51.3991,0,3.1396,109.682,116.323,-18.894,-22.327,-9.8,-8.12223
7.04,422.4,417.259,60,61.8098,0,5.55233,109.493,110.056,-18.992,-18.6474,-9.8,-12.505
7.05,423,422.477,60,70.9577,0,-0.897568,109.303,108.559,-19.09,-12.0504,-9.8,-9.48276
7.06,423.6,425.464,60,56.6679,0,2.97331,109.112,112.695,-19.188,-16.2446,-9.8,-11.2452
7.07,424.2,419.992,60,60.2787,0,-3.30462,108.92,105.591,-19.286,-12.4695,-9.8,-13.1473
7.08,424.8,422.301,60,58.3171,0,-5.67378,108.728,103.793,-19.384,-20.6427,-9.8,-14.8886
7.09,425.4,426.941,60,58.8565,0,8.48841,108.534,114.274,-19.482,-27.9005,-9.8,-14.8179
7.1,426,423.443,60,52.7552,0,9.44818,108.339,107.884,-19.58,-15.883,-9.8,-6.05592
7.11,426.6,428.348,60,60.0069,0,-0.876901,108.143,108.621,-19.678,-18.6431,-9.8,-10.6576
7.12,427.2,426.94,60,53.4417,0,3.25586,107.946,110.788,-19.776,-19.9013,-9.8,-5.24077
7.13,427.8,424.283,60,61.6441,0,-10.0894,107.749,104.082,-19.874,-21.0746,-9.8,-9.05121
7.14,428.4,431.72,60,65.1807,0,-8.04898,107.55,105.978,-19.972,-19.4888,-9.8,-6.18602
7.15,429,417.623,60,67.501,0,-14.3267,107.35,107.405,-20.07,-25.7379,-9.8,-14.5956
7.16,429.6,433.979,60,54.4269,0,-2.52191,107.149,104.233,-20.168,-20.4766,-9.8,-12.1113
7.17,430.2,430.748,60,63.5536,0,1.17327,106.948,110.098,-20.266,-23.7879,-9.8,-2.73805
7.18,430.8,431.743,60,57.6942,0,0.260084,106.745,110.67,-20.364,-20.1946,-9.8,-14.1417
7.19,431.4,435.996,60,52.7878,0,-0.519922,106.541,110.903,-20.462,-18.9152,-9.8,-14.8445
7.2,432,430.097,60,61.9061,0,-7.90495,106.337,110.915,-20.56,-17.4079,-9.8,-11.912
7.21,432.6,433.442,60,67.1371,0,-3.07135,106.131,105.117,-20.658,-14.3857,-9.8,-6.56368
7.22,433.2,424.666,60,56.9442,0,3.17493,105.925,115.443,-20.756,-23.8941,-9.8,-12.2831
7.23,433.8,439.205,60,64.4051,0,-3.44509,105.717,103.207,-20.854,-27.5094,-9.8,-11.8362
7.24,434.4,427.915,60,65.6871,0,-0.982578,105.509,107.858,-20.952,-13.6902,-9.8,-10.0297
7.25,435,436.329,60,58.0014,0,-4.03936,105.299,106.52,-21.05,-27.9987,-9.8,-2.83101
7.26,435.6,425.527,60,52.4901,0,-2.08771,105.089,104.032,-21.148,-14.6056,-9.8,-1.97048
7.27,436.2,439.87,60,61.9567,0,-0.150078,104.877,102.252,-21.246,-13.5952,-9.8,-15.4139
7.28,436.8,428.909,60,64.5881,0,-0.24375,104.665,100.708,-21.344,-12.9562,-9.8,-6.96112
7.29,437.4,438.605,60,57.4132,0,-1.01632,104.451,103.102,-21.442,-20.9526,-9.8,-16.9327
7.3,438,429.94,60,63.9417,0,-0.137912,104.237,108.618,-21.54,-29.1982,-9.8,-11.3371
7.31,438.6,440.171,60,56.7589,0,-1.10455,104.021,102.98,-21.638,-23.4093,-9.8,-16.4032
7.32,439.2,438.291,60,58.4544,0,0.642292,103.805,100.218,-21.736,-11.9351,-9.8,-7.63339
7.33,439.8,442.023,60,59.4932,0,-3.91706,103.588,105.179,-21.834,-23.1312,-9.8,-19.7873
7.34,440.4,440.586,60,56.183,0,-2.58983,103.369,113.189,-21.932,-18.6029,-9.8,-9.04067
7.35,441,445.287,60,54.6571,0,-2.17495,103.15,107.834,-22.03,-23.4163,-9.8,-10.0757
7.36,441.6,446.939,60,64.4571,0,1.50563,102.93,103.606,-22.128,-31.7842,-9.8,-5.16925
7.37,442.2,440.668,60,55.3598,0,0.75902,102.708,107.291,-22.226,-24.254,-9.8,-12.0489
7.38,442.8,443.739,60,60.3784,0,0.430542,102.486,102.259,-22.324,-18.6775,-9.8,-17.4454
7.39,443.4,439.036,60,61.4069,0,2.23942,102.263,106.53,-22.422,-29.7937,-9.8,-4.50231
7.4,444,450.417,60,49.0445,0,1.38057,102.039,105.088,-22.52,-25.026,-9.8,-9.53987
7.41,444.6,446.682,60,63.6156,0,-3.92835,101.813,109.918,-22.618,-26.658,-9.8,-13.4493
7.42,445.2,447.461,60,54.2222,0,3.05328,101.587,102.434,-22.716,-17.8368,-9.8,-10.5176
7.43,445.8,451.032,60,58.3588,0,-3.89125,101.36,89.3392,-22.814,-20.929,-9.8,-11.9567
7.44,446.4,443.007,60,65.1253,0,-5.7494,101.132,97.9961,-22.912,-25.4254,-9.8,-14.7617
7.45,447,447.439,60,57.2143,0,4.40745,100.903,96.5785,-23.01,-29.3543,-9.8,-12.8587
7.46,447.6,446.598,60,53.9449,0,3.12477,100.673,96.4347,-23.108,-21.4419,-9.8,-8.51475
7.47,448.2,441.489,60,60.0972,0,9.92471,100.442,97.0699,-23.206,-21.5028,-9.8,-7.45562
7.48,448.8,449.606,60,58.9017,0,-2.13313,100.21,99.5647,-23.304,-24.856,-9.8,-6.06174
7.49,449.4,439.753,60,63.8491,0,-3.4715,99.9765,104.111,-23.402,-19.2228,-9.8,-14.4826
7.5,450,448.247,60,61.3688,0,3.86605,99.7425,104.114,-23.5,-23.5243,-9.8,-4.34271
7.51,450.6,452.965,60,56.7594,0,-9.94225,99.5075,100.66,-23.598,-22.6395,-9.8,-13.063
7.52,451.2,450.37,60,67.679,0,-2.07112,99.2715,101.113,-23.696,-13.1927,-9.8,-10.0502
7.53,451.8,450.805,60,63.2738,0,-1.37345,99.0346,96.4822,-23.794,-29.0281,-9.8,-12.205
7.54,452.4,456.268,60,57.828,0,-1.63553,98.7966,100.245,-23.892,-28.5422,-9.8,-4.42502
7.55,453,452.725,60,50.2202,0,1.62217,98.5577,97.5496,-23.99,-24.9936,-9.8,-17.4601
7.56,453.6,461.523,60,59.7719,0,-8.0775,98.3178,93.0354,-24.088,-22.6611,-9.8,-3.0915
7.57,454.2,450.236,60,62.5979,0,1.92511,98.0769,103.718,-24.186,-16.0343,-9.8,-9.89057
7.58,454.8,462.933,60,61.0502,0,8.52934,97.8351,100.288,-24.284,-22.5425,-9.8,-16.8414
7.59,455.4,460.843,60,59.7122,0,-2.52367,97.5922,87.5138,-24.382,-20.698,-9.8,-14.6765
7.6,456,463.893,60,52.7841,0,2.54375,97.3484,99.4201,-24.48,-29.4277,-9.8,-10.2925
7.61,456.6,461.775,60,52.2048,0,-4.47093,97.1036,86.7044,-24.578,-18.0203,-9.8,-9.30991
7.62,457.2,451.106,60,65.3039,0,-11.3757,96.8578,106.768,-24.676,-21.4827,-9.8,-15.4534
7.63,457.8,454.669,60,59.1328,0,6.2078,96.6111,99.686,-24.774,-19.3241,-9.8,-1.12496
7.64,458.4,455.386,60,64.2076,0,-4.49919,96.3633,99.6388,-24.872,-19.2129,-9.8,-15.6738
7.65,459,454.653,60,57.2201,0,7.49733,96.1146,102.609,-24.97,-14.8008,-9.8,-11.9528
7.66,459.6,454.574,60,61.4881,0,0.0825287,95.8649,103.08,-25.068,-18.7621,-9.8,-8.43406
7.67,460.2,454.22,60,61.8425,0,-3.50378,95.6142,98.8456,-25.166,-30.9014,-9.8,-13.7818
7.68,460.8,464.018,60,57.3131,0,5.93216,95.3626,99.7376,-25.264,-24.6377,-9.8,-5.53937
7.69,461.4,464.193,60,71.0585,0,5.73489,95.1099,101.305,-25.362,-23.2244,-9.8,-3.44428
7.7,462,460.437,60,57.0912,0,1.15032,94.8563,90.341,-25.46,-21.9753,-9.8,-4.29369
7.71,462.6,464.384,60,63.2522,0,0.292801,94.6017,97.487,-25.558,-31.6239,-9.8,-12.5246
7.72,463.2,457.617,60,57.436,0,-0.935391,94.3461,86.5848,-25.656,-36.7192,-9.8,-13.1972
7.73,463.8,463.5,60,55.0824,0,-7.76334,94.0896,95.6546,-25.754,-24.4445,-9.8,-7.51401
7.74,464.4,458.628,60,56.4057,0,9.31821,93.832,94.7526,-25.852,-28.7215,-9.8,-18.8475
7.75,465,466.443,60,55.7266,0,-3.12937,93.5735,92.374,-25.95,-29.1749,-9.8,-14.5368
7.76,465.6,466.282,60,59.9806,0,12.1271,93.314,86.1613,-26.048,-25.2708,-9.8,-8.2412
7.77,466.2,460.047,60,59.4077,0,1.26158,93.0535,97.3642,-26.146,-28.0396,-9.8,-4.65686
7.78,466.8,460.978,60,67.2432,0,7.57431,92.7921,91.9264,-26.244,-29.6733,-9.8,-3.99789
7.79,467.4,463.578,60,61.2896,0,-5.21862,92.5296,93.0125,-26.342,-25.2734,-9.8,-3.76445
7.8,468,452.97,60,53.3941,0,-2.51046,92.2662,92.3286,-26.44,-24.8209,-9.8,-18.0955
7.81,468.6,471.636,60,68.5388,0,3.00371,92.0018,87.881,-26.538,-25.4854,-9.8,-14.0437
7.82,469.2,463.154,60,58.1933,0,-2.32338,91.7364,105.849,-26.636,-29.8378,-9.8,-17.4231
7.83,469.8,469.702,60,59.6169,0,-7.71494,91.4701,91.4221,-26.734,-25.4179,-9.8,-2.5079
7.84,470.4,463.507,60,56.0084,0,0.673319,91.2027,97.871,-26.832,-25.5024,-9.8,-13.9305
7.85,471,472.839,60,49.1229,0,-1.88584,90.9344,87.4899,-26.93,-29.6453,-9.8,-19.6448
7.86,471.6,474.065,60,60.721,0,8.24418,90.6651,88.5074,-27.028,-28.4957,-9.8,-11.5517
7.87,472.2,475.918,60,55.0796,0,2.70155,90.3948,92.1625,-27.126,-30.894,-9.8,-16.2799
7.88,472.8,480.187,60,62.275,0,5.50856,90.1236,86.0602,-27.224,-28.4024,-9.8,-13.3974
7.89,473.4,466.277,60,65.8443,0,-0.66429,89.8513,95.3141,-27.322,-27.7864,-9.8,-13.9414
7.9,474,471.758,60,51.78,0,0.615556,89.5781,86.7223,-27.42,-26.1492,-9.8,-20.0924
7.91,474.6,474.176,60,69.1426,0,-0.757618,89.3039,82.3319,-27.518,-25.1737,-9.8,-10.625
7.92,475.2,476.75,60,59.3,0,3.80131,89.0287,97.0448,-27.616,-23.4673,-9.8,-11.4399
7.93,475.8,471.577,60,50.1433,0,-5.66999,88.7526,85.3996,-27.714,-36.21,-9.8,-13.8096
7.94,476.4,470.916,60,48.2929,0,-0.697399,88.4754,86.9209,-27.812,-28.5021,-9.8,-3.24647
7.95,477,476.402,60,62.4273,0,0.623086,88.1973,93.9775,-27.91,-33.9122,-9.8,-10.1172
7.96,477.6,480.697,60,63.254,0,5.42487,87.9182,90.8576,-28.008,-29.5877,-9.8,-8.37324
7.97,478.2,482.366,60,60.8456,0,-2.7498,87.6381,90.0978,-28.106,-30.8883,-9.8,-21.9077
7.98,478.8,473.534,60,59.3165,0,10.2145,87.3571,80.3812,-28.204,-27.0582,-9.8,-10.887
7.99,479.4,475.947,60,58.42,0,1.65439,87.075,87.0545,-28.302,-37.1742,-9.8,-8.82268
8,480,470.559,60,55.5155,0,-0.898865,86.792,86.8776,-28.4,-27.8147,-9.8,-2.41697
8.01,480.6,474.853,60,53.5285,0,-14.7342,86.508,83.0377,-28.498,-33.3017,-9.8,-11.6896
8.02,481.2,478.738,60,58.9563,0,-5.85823,86.223,87.0197,-28.596,-23.8001,-9.8,-14.7997
8.03,481.8,483.915,60,63.5511,0,-9.58416,85.9371,90.4702,-28.694,-30.9401,-9.8,-9.99206
8.04,482.4,484.18,60,50.6358,0,11.3664,85.6501,90.9991,-28.792,-31.6434,-9.8,-15.0249
8.05,483,481.45,60,67.2367,0,8.72942,85.3622,89.377,-28.89,-31.8819,-9.8,-7.69201
8.06,483.6,486.441,60,58.5358,0,-7.60585,85.0733,89.451,-28.988,-25.9651,-9.8,-18.5171
8.07,484.2,486.387,60,58.8812,0,-3.72478,84.7834,82.2841,-29.086,-27.33,-9.8,-11.348
8.08,484.8,489.124,60,64.5622,0,-5.02942,84.4926,87.5964,-29.184,-27.1711,-9.8,-8.63283
8.09,485.4,487.012,60,60.0103,0,-2.56052,84.2007,88.1408,-29.282,-21.6446,-9.8,-2.53691
8.1,486,482.109,60,67.8219,0,10.6758,83.9079,86.8216,-29.38,-39.2817,-9.8,1.00362
8.11,486.6,489.852,60,62.5469,0,-5.61702,83.6141,81.9993,-29.478,-26.0075,-9.8,-15.0078
8.12,487.2,476.819,60,62.935,0,-0.859526,83.3193,79.5027,-29.576,-37.2978,-9.8,-5.97034
8.13,487.8,490.851,60,56.529,0,-3.77645,83.0236,89.1387,-29.674,-22.3159,-9.8,-5.20351
8.14,488.4,492.639,60,51.477,0,-6.78627,82.7268,85.7914,-29.772,-36.5391,-9.8,-2.35293
8.15,489,486.204,60,62.4587,0,0.0582716,82.4291,81.9685,-29.87,-28.0045,-9.8,-1.09018
8.16,489.6,482.156,60,68.4427,0,1.42664,82.1304,80.5844,-29.968,-26.764,-9.8,-16.1227
8.17,490.2,489.621,60,59.5104,0,2.80553,81.8307,85.4186,-30.066,-24.6384,-9.8,-12.6529
8.18,490.8,493.731,60,60.1087,0,4.86791,81.5301,75.6124,-30.164,-29.5464,-9.8,-3.89865
8.19,491.4,496.492,60,61.7243,0,3.80349,81.2284,78.3977,-30.262,-36.8404,-9.8,-6.94393
8.2,492,491.272,60,57.7289,0,-4.31204,80.9258,86.0682,-30.36,-30.0884,-9.8,-3.08057
8.21,492.6,491.921,60,58.2194,0,8.36481,80.6222,75.682,-30.458,-36.3695,-9.8,-9.42526
8.22,493.2,497.106,60,56.5184,0,1.29775,80.3176,75.0091,-30.556,-37.3578,-9.8,-14.642
8.23,493.8,488.57,60,61.1016,0,-0.704508,80.0121,77.8487,-30.654,-24.0639,-9.8,-15.0122
8.24,494.4,487.035,60,58.7045,0,-3.04122,79.7055,80.0196,-30.752,-30.755,-9.8,-0.602434
8.25,495,497.285,60,60.7582,0,0.272109,79.398,78.2891,-30.85,-33.9625,-9.8,-13.0251
8.26,495.6,489.391,60,60.2397,0,2.59608,79.0895,70.3081,-30.948,-34.1435,-9.8,-4.08009
8.27,496.2,488.242,60,57.5474,0,6.07254,78.78,75.4932,-31.046,-32.8067,-9.8,-4.97914
8.28,496.8,498.172,60,50.4245,0,-1.80858,78.4696,79.5564,-31.144,-29.1608,-9.8,-12.6077
8.29,497.4,493.073,60,54.9019,0,2.95955,78.1581,75.9781,-31.242,-38.5793,-9.8,-9.23176
8.3,498,493.3,60,59.1091,0,4.63127,77.8457,73.1696,-31.34,-29.8721,-9.8,-10.504
8.31,498.6,498.901,60,57.732,0,6.73842,77.5323,76.778,-31.438,-40.1798,-9.8,-5.34095
8.32,499.2,503.771,60,62.856,0,-3.38206,77.2179,67.2057,-31.536,-32.251,-9.8,-9.74564
8.33,499.8,498.307,60,60.9506,0,7.7771,76.9026,71.7592,-31.634,-33.4252,-9.8,-9.70173
8.34,500.4,501.422,60,63.4379,0,1.90389,76.5862,82.1338,-31.732,-33.8641,-9.8,-1.28055
8.35,501,498.309,60,56.3042,0,-7.97546,76.2689,87.9151,-31.83,-37.5961,-9.8,-6.27401
8.36,501.6,501.341,60,57.0548,0,-1.96033,75.9506,77.4864,-31.928,-31.1833,-9.8,-7.24498
8.37,502.2,502.083,60,55.8892,0,-9.3582,75.6313,75.2699,-32.026,-24.5937,-9.8,-17.2896
8.38,502.8,497.778,60,55.753,0,4.4527,75.3111,71.4677,-32.124,-26.1177,-9.8,-11.825
8.39,503.4,496.808,60,58.555,0,-6.34735,74.9898,78.124,-32.222,-38.3401,-9.8,-9.98548
8.4,504,505.781,60,57.9659,0,4.52083,74.6676,69.1335,-32.32,-31.18,-9.8,-7.48404
8.41,504.6,507.21,60,60.5357,0,-1.17349,74.3444,74.2108,-32.418,-27.1464,-9.8,-15.8746
8.42,505.2,506.754,60,59.2423,0,2.90119,74.0202,69.1524,-32.516,-21.301,-9.8,-16.5065
8.43,505.8,501.22,60,48.7168,0,4.8961,73.6951,75.7797,-32.614,-31.9556,-9.8,-14.004
8.44,506.4,503.458,60,58.0278,0,-2.14878,73.3689,78.427,-32.712,-36.9208,-9.8,-12.534
8.45,507,506.488,60,61.5915,0,6.74013,73.0418,68.9937,-32.81,-40.7178,-9.8,-18.0884
8.46,507.6,514.024,60,53.8421,0,6.66111,72.7137,67.4236,-32.908,-31.73,-9.8,-18.4227
8.47,508.2,514.862,60,66.1164,0,11.3441,72.3846,71.5124,-33.006,-31.9274,-9.8,-7.7876
8.48,508.8,507.622,60,50.8374,0,3.31139,72.0546,61.4319,-33.104,-35.2406,-9.8,-1.08858
8.49,509.4,519.678,60,56.8028,0,-8.36153,71.7235,80.2686,-33.202,-35.5284,-9.8,-4.3371
8.5,510,505.335,60,62.4923,0,-4.64015,71.3915,78.7537,-33.3,-25.3795,-9.8,-5.21977
8.51,510.6,515.405,60,57.4133,0,-4.54398,71.0585,71.6358,-33.398,-41.0317,-9.8,-7.70572
8.52,511.2,514.491,60,57.5639,0,-5.76344,70.7245,68.6355,-33.496,-26.5178,-9.8,-1.94304
8.53,511.8,509.537,60,58.641,0,-8.58552,70.3896,70.1578,-33.594,-29.98,-9.8,1.23955
8.54,512.4,502.556,60,61.5348,0,10.9064,70.0536,68.8472,-33.692,-35.3377,-9.8,-11.5977
8.55,513,511.568,60,61.773,0,-1.56138,69.7167,71.5426,-33.79,-23.9991,-9.8,-17.7157
8.56,513.6,505.412,60,50.6683,0,8.00117,69.3788,74.012,-33.888,-29.2694,-9.8,-12.9436
8.57,514.2,513.216,60,61.4708,0,2.59207,69.0399,59.8164,-33.986,-32.3385,-9.8,-8.34841
8.58,514.8,521.167,60,57.8414,0,-0.809075,68.7001,63.697,-34.084,-32.6898,-9.8,-14.8291
8.59,515.4,513.813,60,61.1581,0,-5.66172,68.3592,63.426,-34.182,-33.516,-9.8,-11.7767
8.6,516,513.827,60,64.7503,0,-6.17939,68.0174,63.3305,-34.28,-34.6861,-9.8,-8.61129
8.61,516.6,513.922,60,56.3365,0,-0.236798,67.6746,72.2819,-34.378,-30.2163,-9.8,-16.8872
8.62,517.2,516.28,60,57.9949,0,-2.5697,67.3308,60.4208,-34.476,-38.4568,-9.8,-16.5012
8.63,517.8,523.746,60,63.0644,0,9.88151,66.9861,59.0954,-34.574,-33.4143,-9.8,-7.26915
8.64,518.4,510.544,60,63.5412,0,5.91268,66.6403,67.7599,-34.672,-34.2339,-9.8,-4.44089
8.65,519,515.792,60,65.3632,0,-2.27577,66.2936,65.6559,-34.77,-22.6659,-9.8,-7.0174
8.66,519.6,515.738,60,55.3965,0,6.6046,65.9459,67.6266,-34.868,-38.1012,-9.8,-14.5997
8.67,520.2,527.069,60,58.9787,0,-2.23959,65.5972,63.0733,-34.966,-30.3783,-9.8,-12.7432
8.68,520.8,507.076,60,60.9925,0,-4.8182,65.2476,68.827,-35.064,-38.1684,-9.8,-6.10866
8.69,521.4,525.657,60,60.7426,0,0.561215,64.8969,67.6156,-35.162,-35.7742,-9.8,-17.3623
8.7,522,519.328,60,51.5731,0,4.20679,64.5453,67.8145,-35.26,-37.0542,-9.8,2.61491
8.71,522.6,517.831,60,62.8671,0,0.896873,64.1927,65.5472,-35.358,-26.541,-9.8,-5.73852
8.72,523.2,522.618,60,59.2132,0,-4.11741,63.8391,63.0964,-35.456,-32.887,-9.8,-12.3686
8.73,523.8,523.674,60,55.7579,0,-4.37851,63.4846,67.1955,-35.554,-45.1458,-9.8,-10.8059
8.74,524.4,522.838,60,59.0437,0,9.26744,63.129,66.5257,-35.652,-36.0596,-9.8,-14.682
8.75,525,528.474,60,57.6414,0,4.72988,62.7725,60.4283,-35.75,-36.3696,-9.8,-9.62412
8.76,525.6,527.7,60,60.9654,0,-1.75493,62.415,60.1545,-35.848,-31.0065,-9.8,-12.9573
8.77,526.2,531.95,60,70.242,0,-0.0383277,62.0565,58.8403,-35.946,-31.1284,-9.8,-4.28293
8.78,526.8,533.859,60,61.9585,0,-4.30207,61.6971,67.749,-36.044,-35.8748,-9.8,-2.66522
8.79,527.4,532.387,60,57.8751,0,-2.23067,61.3366,62.2691,-36.142,-35.1637,-9.8,-7.52647
8.8,528,533.176,60,65.1848,0,4.8287,60.9752,70.7237,-36.24,-38.4935,-9.8,-3.03914
8.81,528.6,531.766,60,56.579,0,-3.2547,60.6128,59.3026,-36.338,-30.0134,-9.8,-8.09999
8.82,529.2,517.138,60,60.7051,0,-2.55245,60.2494,55.88,-36.436,-38.5592,-9.8,-12.8524
8.83,529.8,525.372,60,60.9382,0,4.72415,59.8851,61.2446,-36.534,-40.4099,-9.8,-2.39151
8.84,530.4,533.068,60,59.7097,0,-5.59936,59.5197,68.008,-36.632,-37.9303,-9.8,-14.0938
8.85,531,530.269,60,62.2708,0,3.97119,59.1534,63.3558,-36.73,-28.0902,-9.8,-9.09683
8.86,531.6,534.123,60,61.9902,0,-2.50972,58.7861,51.5245,-36.828,-41.8322,-9.8,-4.78763
8.87,532.2,525.837,60,51.4593,0,4.25009,58.4178,60.1843,-36.926,-36.8616,-9.8,-7.54709
8.88,532.8,525.825,60,57.0772,0,6.11941,58.0486,67.157,-37.024,-41.9326,-9.8,-9.2174
8.89,533.4,529.401,60,60.1242,0,-6.87482,57.6783,56.6843,-37.122,-26.4303,-9.8,-5.42641
8.9,534,527.839,60,51.3768,0,-2.12511,57.3071,53.2868,-37.22,-34.3435,-9.8,-11.4743
8.91,534.6,531.931,60,59.2517,0,-3.81717,56.9349,55.8466,-37.318,-36.1154,-9.8,-10.4101
8.92,535.2,547.023,60,62.1958,0,2.45193,56.5617,57.9444,-37.416,-41.7824,-9.8,-13.795
8.93,535.8,534.784,60,65.4366,0,1.96212,56.1876,58.3116,-37.514,-39.0885,-9.8,-12.0012
8.94,536.4,535.711,60,62.9681,0,5.66283,55.8124,55.0369,-37.612,-40.0729,-9.8,-5.23187
8.95,537,543.694,60,57.888,0,-7.59472,55.4363,55.5067,-37.71,-41.3428,-9.8,-16.6291
8.96,537.6,543.121,60,55.358,0,2.33337,55.0592,44.6631,-37.808,-31.6161,-9.8,-10.9711
8.97,538.2,534.34,60,51.4767,0,-1.21084,54.6811,55.9153,-37.906,-29.6577,-9.8,-14.1953
8.98,538.8,535.396,60,61.3639,0,16.1183,54.3021,46.5241,-38.004,-31.1345,-9.8,-17.8296
8.99,539.4,535.154,60,63.4421,0,-9.33197,53.922,50.0633,-38.102,-43.1308,-9.8,-5.90693
9,540,537.605,60,64.2558,0,7.55086,53.541,47.7751,-38.2,-37.4476,-9.8,-11.125
9.01,540.6,542.072,60,63.1565,0,4.83798,53.159,54.5292,-38.298,-41.9087,-9.8,-5.44312
9.02,541.2,540.623,60,65.282,0,-5.53966,52.776,51.1902,-38.396,-32.4636,-9.8,-12.4292
9.03,541.8,547.827,60,57.3916,0,6.25488,52.3921,52.1427,-38.494,-40.6456,-9.8,-5.23895
9.04,542.4,549.242,60,64.604,0,7.28549,52.0071,47.1729,-38.592,-40.2639,-9.8,-10.0249
9.05,543,540.669,60,68.9545,0,-7.24689,51.6212,45.7706,-38.69,-37.1127,-9.8,-16.8433
9.06,543.6,540.174,60,57.2569,0,6.28489,51.2343,59.395,-38.788,-41.0709,-9.8,-8.24579
9.07,544.2,543.473,60,59.3621,0,0.562147,50.8464,55.784,-38.886,-40.0164,-9.8,-4.91274
9.08,544.8,546.596,60,57.1603,0,4.02546,50.4576,37.0393,-38.984,-41.5045,-9.8,5.96841
9.09,545.4,542.152,60,56.2495,0,-2.97468,50.0677,54.8651,-39.082,-42.2619,-9.8,-17.9177
9.1,546,554.705,60,65.9798,0,0.761273,49.6769,41.6376,-39.18,-45.4076,-9.8,-6.53517
9.11,546.6,547.436,60,54.7139,0,-5.58269,49.2851,59.6975,-39.278,-40.6926,-9.8,-26.2512
9.12,547.2,549.827,60,58.0966,0,6.81623,48.8923,40.149,-39.376,-38.1454,-9.8,-12.837
9.13,547.8,551.823,60,60.3477,0,5.99302,48.4986,44.335,-39.474,-31.8106,-9.8,-2.36656
9.14,548.4,550.465,60,57.005,0,1.98767,48.1038,50.6043,-39.572,-45.6155,-9.8,-13.6279
9.15,549,558.595,60,57.0182,0,2.05095,47.7081,63.5688,-39.67,-38.259,-9.8,-12.9427
9.16,549.6,552.703,60,58.9037,0,-1.62204,47.3114,49.0593,-39.768,-38.5338,-9.8,-10.7476
9.17,550.2,550.297,60,61.3399,0,2.03132,46.9137,44.411,-39.866,-28.022,-9.8,-5.98156
9.18,550.8,541.849,60,58.0098,0,0.100681,46.5151,42.625,-39.964,-43.9383,-9.8,-4.49926
9.19,551.4,547.933,60,51.8771,0,-3.89285,46.1154,35.8932,-40.062,-41.8247,-9.8,-13.6649
9.2,552,554.186,60,62.3795,0,10.6604,45.7148,44.8126,-40.16,-36.4764,-9.8,-9.0949
9.21,552.6,549.944,60,68.2603,0,-9.13972,45.3132,42.5233,-40.258,-42.3879,-9.8,-4.84465
9.22,553.2,552.18,60,54.6096,0,4.74897,44.9106,38.8115,-40.356,-40.6574,-9.8,-16.4689
9.23,553.8,550.876,60,65.826,0,-3.61627,44.5071,43.5072,-40.454,-45.3258,-9.8,-10.9845
9.24,554.4,554.441,60,63.9764,0,-2.45157,44.1025,40.927,-40.552,-42.0855,-9.8,-15.7067
9.25,555,559.191,60,55.7276,0,-2.71568,43.697,39.8004,-40.65,-38.7309,-9.8,-9.47673
9.26,555.6,560.77,60,52.164,0,-0.472703,43.2905,40.4853,-40.748,-45.9974,-9.8,-21.7609
9.27,556.2,565.091,60,62.8113,0,-0.68587,42.883,41.2473,-40.846,-44.5706,-9.8,-16.2195
9.28,556.8,563.286,60,58.7032,0,0.860197,42.4746,45.271,-40.944,-40.6278,-9.8,-10.1306
9.29,557.4,552.582,60,54.6093,0,12.6769,42.0651,51.9883,-41.042,-48.6505,-9.8,-9.68556
9.3,558,564.37,60,60.508,0,3.38679,41.6547,39.8222,-41.14,-45.9637,-9.8,-0.293783
9.31,558.6,559.309,60,68.517,0,1.88777,41.2433,44.8528,-41.238,-39.8815,-9.8,-9.76448
9.32,559.2,551.794,60,64.951,0,-0.84672,40.8309,34.8353,-41.336,-35.877,-9.8,-13.5675
9.33,559.8,572.598,60,59.0432,0,1.50085,40.4176,36.0096,-41.434,-47.7443,-9.8,-10.5405
9.34,560.4,561.089,60,57.8561,0,7.39811,40.0032,42.5663,-41.532,-49.3661,-9.8,-9.09116
9.35,561,560.057,60,63.8882,0,-2.43773,39.5879,48.322,-41.63,-41.1401,-9.8,-4.95602
9.36,561.6,565.364,60,58.0057,0,-0.999601,39.1716,37.8297,-41.728,-44.2033,-9.8,-3.87972
9.37,562.2,574.64,60,58.4149,0,3.2206,38.7543,39.6419,-41.826,-35.4251,-9.8,-8.58754
9.38,562.8,561.576,60,59.7008,0,0.839828,38.3361,43.2465,-41.924,-35.1439,-9.8,-8.15113
9.39,563.4,569.729,60,54.2166,0,-8.96024,37.9168,49.5905,-42.022,-36.3723,-9.8,-2.8998
9.4,564,563.306,60,51.5174,0,0.31263,37.4966,24.3476,-42.12,-38.2497,-9.8,-11.6109
9.41,564.6,566.234,60,60.398,0,-3.42949,37.0754,44.4745,-42.218,-37.6264,-9.8,-17.3906
9.42,565.2,568.975,60,59.2537,0,4.79717,36.6532,37.9225,-42.316,-36.2163,-9.8,-13.5622
9.43,565.8,560.505,60,58.471,0,-13.2119,36.2301,35.9031,-42.414,-43.9922,-9.8,-7.49848
9.44,566.4,576.231,60,69.7741,0,5.21782,35.8059,36.5015,-42.512,-38.8184,-9.8,-8.44235
9.45,567,567.91,60,50.6565,0,-4.64806,35.3808,42.9464,-42.61,-43.7259,-9.8,-4.84205
9.46,567.6,570.095,60,56.9987,0,1.94532,34.9547,27.3792,-42.708,-39.1203,-9.8,-5.52042
9.47,568.2,572.101,60,61.4249,0,2.04282,34.5276,31.0845,-42.806,-41.8312,-9.8,-18.5032
9.48,568.8,577.028,60,55.6259,0,6.19507,34.0996,35.7921,-42.904,-44.8791,-9.8,-10.5038
9.49,569.4,574.369,60,59.0912,0,-0.350128,33.6705,31.3584,-43.002,-45.3792,-9.8,-5.55753
9.5,570,565.819,60,66.9273,0,0.708325,33.2405,28.6741,-43.1,-42.0248,-9.8,-25.4306
9.51,570.6,574.185,60,55.912,0,3.10469,32.8095,24.9866,-43.198,-43.6167,-9.8,-18.7473
9.52,571.2,576.659,60,53.9563,0,3.42177,32.3775,34.4675,-43.296,-39.4186,-9.8,-3.4063
9.53,571.8,567.43,60,62.2777,0,4.98077,31.9446,33.0192,-43.394,-40.4799,-9.8,-14.1183
9.54,572.4,566.572,60,69.5579,0,-8.25051,31.5106,29.3922,-43.492,-38.9799,-9.8,-13.9985
9.55,573,573.824,60,60.1402,0,-7.53978,31.0757,30.874,-43.59,-36.5051,-9.8,-5.4266
9.56,573.6,570.443,60,56.4731,0,0.319947,30.6398,38.4604,-43.688,-41.7057,-9.8,-15.075
9.57,574.2,574.61,60,67.5881,0,5.5278,30.2029,28.4523,-43.786,-54.0566,-9.8,-5.80976
9.58,574.8,576.649,60,66.9718,0,-1.67786,29.7651,31.5334,-43.884,-46.1479,-9.8,-11.2557
9.59,575.4,579.006,60,57.3829,0,1.22163,29.3262,34.3382,-43.982,-49.0392,-9.8,-13.3692
9.6,576,577.229,60,44.5435,0,0.838139,28.8864,15.7841,-44.08,-48.5769,-9.8,-7.06702
9.61,576.6,580.567,60,69.3088,0,1.49175,28.4456,29.3235,-44.178,-44.0626,-9.8,-15.6556
9.62,577.2,584.981,60,65.2345,0,-3.81373,28.0038,35.6959,-44.276,-40.5749,-9.8,-14.5441
9.63,577.8,585.848,60,67.5317,0,1.5728,27.5611,23.5146,-44.374,-45.95,-9.8,-11.1059
9.64,578.4,580.269,60,61.2889,0,2.47295,27.1173,32.5474,-44.472,-42.4689,-9.8,-14.7762
9.65,579,585.242,60,56.6855,0,-2.31835,26.6726,26.585,-44.57,-39.3038,-9.8,-6.47781
9.66,579.6,573.334,60,57.8479,0,-2.40442,26.2269,30.0411,-44.668,-44.24,-9.8,-19.2215
9.67,580.2,585.009,60,61.8912,0,-0.181712,25.7802,31.5895,-44.766,-42.0831,-9.8,-10.5216
9.68,580.8,584.672,60,52.9514,0,-10.9991,25.3326,27.4198,-44.864,-47.6614,-9.8,-4.29372
9.69,581.4,577.097,60,57.608,0,2.06921,24.8839,20.4639,-44.962,-47.7282,-9.8,-17.2367
9.7,582,580.111,60,58.3799,0,2.68152,24.4343,23.4294,-45.06,-42.9284,-9.8,-16.6249
9.71,582.6,582.653,60,57.1239,0,3.3035,23.9837,25.5327,-45.158,-56.7469,-9.8,-7.69056
9.72,583.2,590.525,60,56.7985,0,5.57554,23.5321,21.3066,-45.256,-48.5523,-9.8,-12.6135
9.73,583.8,589.157,60,52.3894,0,-10.684,23.0796,30.5474,-45.354,-43.1822,-9.8,-6.94456
9.74,584.4,581.527,60,58.3261,0,-3.48588,22.626,26.9993,-45.452,-42.7843,-9.8,0.72071
9.75,585,575.215,60,59.6999,0,-6.26115,22.1715,14.326,-45.55,-44.0759,-9.8,-14.5782
9.76,585.6,593.71,60,61.2849,0,-2.23854,21.716,21.5046,-45.648,-44.3494,-9.8,-4.2167
9.77,586.2,589.411,60,62.6235,0,-4.0928,21.2595,20.7418,-45.746,-50.3183,-9.8,-9.72498
9.78,586.8,587.429,60,67.9095,0,6.53346,20.8021,28.7288,-45.844,-48.7406,-9.8,-9.79743
9.79,587.4,586.683,60,50.1413,0,2.38885,20.3436,20.8339,-45.942,-44.6455,-9.8,-20.5906
9.8,588,586.875,60,69.3719,0,10.3016,19.8842,20.0219,-46.04,-49.4244,-9.8,-12.2362
9.81,588.6,586.79,60,59.7525,0,-0.863581,19.4238,14.5321,-46.138,-42.8118,-9.8,-10.3163
9.82,589.2,594.463,60,59.4721,0,-7.06605,18.9624,18.6541,-46.236,-47.8687,-9.8,-10.8631
9.83,589.8,590.865,60,60.1813,0,1.87716,18.5001,9.93557,-46.334,-34.0102,-9.8,-8.51857
9.84,590.4,591.87,60,61.312,0,-6.03135,18.0367,13.8987,-46.432,-46.22,-9.8,-5.98758
9.85,591,595.533,60,62.4637,0,-2.50754,17.5724,15.0932,-46.53,-43.4167,-9.8,-15.2325
9.86,591.6,592.848,60,55.9778,0,-9.24957,17.1071,20.4998,-46.628,-45.8923,-9.8,-16.8294
9.87,592.2,594.057,60,56.2271,0,0.749351,16.6408,16.9177,-46.726,-37.3785,-9.8,-9.09381
9.88,592.8,594.518,60,59.2837,0,-0.770067,16.1736,21.0916,-46.824,-42.0073,-9.8,-2.69893
9.89,593.4,591.168,60,57.2786,0,0.788678,15.7053,13.008,-46.922,-44.9431,-9.8,-7.97007
9.9,594,585.778,60,60.3031,0,5.6671,15.2361,7.19438,-47.02,-48.0145,-9.8,-15.3269
9.91,594.6,605.766,60,50.3627,0,2.35705,14.7659,13.0316,-47.118,-45.6001,-9.8,-3.94476
9.92,595.2,598.084,60,58.5162,0,-2.10163,14.2947,19.1863,-47.216,-40.185,-9.8,-17.7141
9.93,595.8,596.481,60,58.0763,0,-5.16178,13.8226,9.33426,-47.314,-38.9258,-9.8,-10.36
9.94,596.4,592.322,60,49.235,0,1.78472,13.3494,4.19684,-47.412,-50.455,-9.8,-6.97764
9.95,597,600.098,60,57.0818,0,8.86085,12.8753,7.95043,-47.51,-46.8853,-9.8,-14.1436
9.96,597.6,598.229,60,55.3709,0,7.54047,12.4002,1.89036,-47.608,-49.6734,-9.8,-14.1448
9.97,598.2,594.415,60,55.7502,0,-5.85072,11.9241,22.0229,-47.706,-49.5553,-9.8,-10.9213
9.98,598.8,607.425,60,59.3956,0,-4.45333,11.4471,7.96606,-47.804,-40.8959,-9.8,-12.1574
9.99,599.4,596.044,60,60.6245,0,3.99046,10.969,18.2968,-47.902,-41.1735,-9.8,-8.74787
10,600,593.064,60,55.7631,0,1.71056,10.49,10.8858,-48,-47.7915,-9.8,-17.6874
